target,canonicalName,class,classKey,confidence,family,familyKey,genus,genusKey,kingdom,kingdomKey,matchType,note,order,orderKey,phylum,phylumKey,rank,scientificName,species,speciesKey,status,synonym,usageKey
Agave sisalana,Agave sisalana,Liliopsida,196,99,Asparagaceae,7683,Agave,2766430,Plantae,6,EXACT,,Asparagales,1169,Tracheophyta,7707728,SPECIES,Agave sisalana Perrine,Agave sisalana,2766636,ACCEPTED,False,2766636
Aonidiella orientalis,Aonidiella orientalis,Insecta,216,99,Diaspididae,4521,Aonidiella,2082961,Animalia,1,EXACT,,Hemiptera,809,Arthropoda,54,SPECIES,"Aonidiella orientalis (Newstead, 1894)",Aonidiella orientalis,2083015,ACCEPTED,False,2083015
Dysmicoccus neobrevipes,Dysmicoccus neobrevipes,Insecta,216,100,Pseudococcidae,4534,Dysmicoccus,2092782,Animalia,1,EXACT,,Hemiptera,809,Arthropoda,54,SPECIES,"Dysmicoccus neobrevipes Beardsley, 1959",Dysmicoccus neobrevipes,2092833,ACCEPTED,False,2092833
Persea americana,Persea americana,Magnoliopsida,220,100,Lauraceae,6688,Persea,3034041,Plantae,6,EXACT,,Laurales,407,Tracheophyta,7707728,SPECIES,Persea americana Mill.,Persea americana,3034046,ACCEPTED,False,3034046
Trigonops,Trigonops,Insecta,216,97,Curculionidae,4239,Trigonops,1225109,Animalia,1,EXACT,,Coleoptera,1470,Arthropoda,54,GENUS,"Trigonops Guérin-Ménéville, 1841",,-1,ACCEPTED,False,1225109
Phytorus lineolatus,Phytorus,Insecta,216,94,Chrysomelidae,7780,Phytorus,4718924,Animalia,1,HIGHERRANK,,Coleoptera,1470,Arthropoda,54,GENUS,"Phytorus Jacoby, 1884",,-1,DOUBTFUL,False,4718924
Xyleborus fornicatus,Xyleborus fornicatus,Insecta,216,98,Curculionidae,4239,Xyleborus,1232636,Animalia,1,EXACT,,Coleoptera,1470,Arthropoda,54,SPECIES,"Xyleborus fornicatus Eichhoff, 1868c",Xyleborus fornicatus,5020341,DOUBTFUL,False,5020341
Dacus cucurbitae,Dacus cucurbitae,Insecta,216,99,Tephritidae,3520,Bactrocera,1626510,Animalia,1,EXACT,,Diptera,811,Arthropoda,54,SPECIES,"Dacus cucurbitae Coquillett, 1899",Bactrocera cucurbitae,8070510,SYNONYM,True,1627349
Hemiberlesia palmae,Hemiberlesia palmae,Insecta,216,99,Diaspididae,4521,Hemiberlesia,2083865,Animalia,1,EXACT,,Hemiptera,809,Arthropoda,54,SPECIES,"Hemiberlesia palmae (Cockerell, 1893)",Hemiberlesia palmae,2083914,ACCEPTED,False,2083914
Ceroplastes floridensis,Ceroplastes floridensis,Insecta,216,99,Coccidae,6963,Ceroplastes,2092293,Animalia,1,EXACT,,Hemiptera,809,Arthropoda,54,SPECIES,"Ceroplastes floridensis Comstock, 1881",Ceroplastes floridensis,2092472,ACCEPTED,False,2092472
Coccus longulus,Coccus longulus,Insecta,216,99,Coccidae,6963,Coccus,2049629,Animalia,1,EXACT,,Hemiptera,809,Arthropoda,54,SPECIES,"Coccus longulus (Douglas, 1887)",Coccus longulus,8202676,ACCEPTED,False,8202676
Eucalymnatus tessellatus,Eucalymnatus tessellatus,Insecta,216,99,Coccidae,6963,Eucalymnatus,2091522,Animalia,1,EXACT,,Hemiptera,809,Arthropoda,54,SPECIES,"Eucalymnatus tessellatus (Signoret, 1873)",Eucalymnatus tessellatus,2091537,ACCEPTED,False,2091537
Hemiberlesia lataniae,Hemiberlesia lataniae,Insecta,216,99,Diaspididae,4521,Hemiberlesia,2083865,Animalia,1,EXACT,,Hemiptera,809,Arthropoda,54,SPECIES,"Hemiberlesia lataniae (Signoret, 1869)",Hemiberlesia lataniae,2083970,ACCEPTED,False,2083970
Aspidiotus destructor,Aspidiotus destructor,Insecta,216,99,Diaspididae,4521,Aspidiotus,5161675,Animalia,1,EXACT,,Hemiptera,809,Arthropoda,54,SPECIES,"Aspidiotus destructor Signoret, 1869",Aspidiotus destructor,5161683,ACCEPTED,False,5161683
Pseudococcus longispinus,Pseudococcus longispinus,Insecta,216,99,Pseudococcidae,4534,Pseudococcus,2081087,Animalia,1,EXACT,,Hemiptera,809,Arthropoda,54,SPECIES,"Pseudococcus longispinus (Targioni Tozzetti, 1867)",Pseudococcus longispinus,2095283,ACCEPTED,False,2095283
Icerya seychellarum,Icerya seychellarum,Insecta,216,100,Margarodidae,8651,Icerya,2080538,Animalia,1,EXACT,,Hemiptera,809,Arthropoda,54,SPECIES,"Icerya seychellarum Maskell, 1897",Icerya seychellarum,4484675,ACCEPTED,False,4484675
Aspidiotus spinosus,Aspidiotus spinosus,Insecta,216,98,Diaspididae,4521,Oceanaspidiotus,2083618,Animalia,1,EXACT,2 synonym homonyms,Hemiptera,809,Arthropoda,54,SPECIES,"Aspidiotus spinosus Leonardi, 1898",Oceanaspidiotus spinosus,7688159,SYNONYM,True,5161521
Icerya aegyptiaca,Icerya aegyptiaca,Insecta,216,99,Margarodidae,8651,Icerya,2080538,Animalia,1,EXACT,,Hemiptera,809,Arthropoda,54,SPECIES,"Icerya aegyptiaca (Douglas, 1890)",Icerya aegyptiaca,2080604,ACCEPTED,False,2080604
Selenothrips rubrocinctus,Selenothrips rubrocinctus,Insecta,216,100,Thripidae,4387,Selenothrips,1420800,Animalia,1,EXACT,,Thysanoptera,1228,Arthropoda,54,SPECIES,"Selenothrips rubrocinctus (Giard, 1901)",Selenothrips rubrocinctus,1420801,ACCEPTED,False,1420801
Bambusa,Bambusa,Liliopsida,196,97,Poaceae,3073,Bambusa,2705751,Plantae,6,EXACT,,Poales,1369,Tracheophyta,7707728,GENUS,Bambusa Schreb.,,-1,ACCEPTED,False,2705751
Anomala sulcatula,Anomala sulcatula,Insecta,216,100,Rutelidae,4425773,Anomala,1051129,Animalia,1,EXACT,,Coleoptera,1470,Arthropoda,54,SPECIES,"Anomala sulcatula Burmeister, 1844",Anomala sulcatula,5988462,ACCEPTED,False,5988462
Chlorophorus annularis,Chlorophorus annularis,Insecta,216,100,Cerambycidae,5602,Chlorophorus,1111662,Animalia,1,EXACT,,Coleoptera,1470,Arthropoda,54,SPECIES,"Chlorophorus annularis (Fabricius, 1787)",Chlorophorus annularis,1111797,ACCEPTED,False,1111797
Pseudoloxops bifasciatus,Pseudoloxops bifasciatus,Insecta,216,100,Miridae,4319,Pseudoloxops,2009239,Animalia,1,EXACT,,Hemiptera,809,Arthropoda,54,SPECIES,"Pseudoloxops bifasciatus (Usinger, 1946)",Pseudoloxops bifasciatus,7845604,ACCEPTED,False,7845604
Asterolecanium robustum,Asterolecanium robustum,Insecta,216,100,Asterolecaniidae,3265514,Asterolecanium,2089594,Animalia,1,EXACT,,Hemiptera,809,Arthropoda,54,SPECIES,"Asterolecanium robustum Green, 1908",Asterolecanium robustum,4290164,ACCEPTED,False,4290164
Asterolecanium bambusae,Asterolecanium bambusae,Insecta,216,100,Asterolecaniidae,3265514,Asterolecanium,2089594,Animalia,1,EXACT,,Hemiptera,809,Arthropoda,54,SPECIES,"Asterolecanium bambusae (Boisduval, 1869)",Asterolecanium bambusae,4290165,ACCEPTED,False,4290165
Asterolecanium pseudomiliaris,Asterolecanium pseudomiliaris,Insecta,216,100,Asterolecaniidae,3265514,Asterolecanium,2089594,Animalia,1,EXACT,,Hemiptera,809,Arthropoda,54,SPECIES,"Asterolecanium pseudomiliaris Green, 1922",Asterolecanium pseudomiliaris,4290167,ACCEPTED,False,4290167
Asterolecanium pseudolanceolatum,Asterolecanium,Insecta,216,96,Asterolecaniidae,3265514,Asterolecanium,2089594,Animalia,1,HIGHERRANK,,Hemiptera,809,Arthropoda,54,GENUS,Asterolecanium,,-1,ACCEPTED,False,2089594
Asterolecanium coronatum,Asterolecanium,Insecta,216,96,Asterolecaniidae,3265514,Asterolecanium,2089594,Animalia,1,HIGHERRANK,,Hemiptera,809,Arthropoda,54,GENUS,Asterolecanium,,-1,ACCEPTED,False,2089594
Asterolecanium miliaris,Asterolecanium miliaris,Insecta,216,100,Asterolecaniidae,3265514,Asterolecanium,2089594,Animalia,1,EXACT,,Hemiptera,809,Arthropoda,54,SPECIES,"Asterolecanium miliaris (Boisduval, 1869)",Asterolecanium miliaris,4290168,ACCEPTED,False,4290168
Musa,Musa,Liliopsida,196,97,Musaceae,4686,Musa,2760990,Plantae,6,EXACT,,Zingiberales,627,Tracheophyta,7707728,GENUS,Musa L.,,-1,ACCEPTED,False,2760990
Adoretus sinicus,Adoretus sinicus,Insecta,216,100,Rutelidae,4425773,Adoretus,1065060,Animalia,1,EXACT,,Coleoptera,1470,Arthropoda,54,SPECIES,"Adoretus sinicus Burmeister, 1855",Adoretus sinicus,4293553,ACCEPTED,False,4293553
Cosmopolites sordidus,Cosmopolites sordidus,Insecta,216,98,Dryophthoridae,8494,Cosmopolites,1169984,Animalia,1,EXACT,,Coleoptera,1470,Arthropoda,54,SPECIES,"Cosmopolites sordidus Marshall, G.A.K., 1930",Cosmopolites sordidus,1169988,DOUBTFUL,False,1169988
Polytus mellerborgi,Polytus mellerborgi,Insecta,216,98,Dryophthoridae,8494,Polytus,1169439,Animalia,1,EXACT,,Coleoptera,1470,Arthropoda,54,SPECIES,"Polytus mellerborgi Heller, K.M., 1927",Polytus mellerborgi,1169443,DOUBTFUL,False,1169443
Leptoglossus australis,Leptoglossus australis,Insecta,216,99,Coreidae,9649,Leptoglossus,2050115,Animalia,1,EXACT,,Hemiptera,809,Arthropoda,54,SPECIES,"Leptoglossus australis (Fabricius, 1775)",Leptoglossus gonagra,5156106,SYNONYM,True,7832229
Planococcus citri,Planococcus citri,Insecta,216,99,Pseudococcidae,4534,Planococcus,2095382,Animalia,1,EXACT,,Hemiptera,809,Arthropoda,54,SPECIES,"Planococcus citri (Risso, 1813)",Planococcus citri,7920517,ACCEPTED,False,7920517
Aspidiotus excisus,Aspidiotus excisus,Insecta,216,99,Diaspididae,4521,Aspidiotus,5161675,Animalia,1,EXACT,,Hemiptera,809,Arthropoda,54,SPECIES,"Aspidiotus excisus Green, 1896",Aspidiotus excisus,5161743,ACCEPTED,False,5161743
Ferrisia virgata,Ferrisia virgata,Insecta,216,99,Pseudococcidae,4534,Ferrisia,8268438,Animalia,1,EXACT,,Hemiptera,809,Arthropoda,54,SPECIES,"Ferrisia virgata (Cockerell, 1893)",Ferrisia virgata,2093900,ACCEPTED,False,2093900
Proutista moesta,Proutista moesta,Insecta,216,100,Derbidae,4247,Proutista,2062851,Animalia,1,EXACT,,Hemiptera,809,Arthropoda,54,SPECIES,"Proutista moesta (Westwood, 1851)",Proutista moesta,2062873,ACCEPTED,False,2062873
Lamenia caliginea,Lamenia caliginea,Insecta,216,100,Derbidae,4247,Lamenia,2063214,Animalia,1,EXACT,,Hemiptera,809,Arthropoda,54,SPECIES,"Lamenia caliginea (Stål, 1854)",Lamenia caliginea,2063240,ACCEPTED,False,2063240
Ischnaspis longirostris,Ischnaspis longirostris,Insecta,216,99,Diaspididae,4521,Ischnaspis,2083123,Animalia,1,EXACT,,Hemiptera,809,Arthropoda,54,SPECIES,"Ischnaspis longirostris (Signoret, 1882)",Ischnaspis longirostris,5161411,ACCEPTED,False,5161411
Pseudococcus microadonidum,Pseudococcus microadonidum,Insecta,216,100,Pseudococcidae,4534,Pseudococcus,2081087,Animalia,1,EXACT,,Hemiptera,809,Arthropoda,54,SPECIES,"Pseudococcus microadonidum Beardsley, 1966",Pseudococcus microadonidum,2095276,ACCEPTED,False,2095276
Pseudococcus orchidicola,Pseudococcus orchidicola,Insecta,216,100,Pseudococcidae,4534,Pseudococcus,2081087,Animalia,1,EXACT,,Hemiptera,809,Arthropoda,54,SPECIES,"Pseudococcus orchidicola Takahashi, 1939",Pseudococcus orchidicola,2095308,ACCEPTED,False,2095308
Diaspis boisduvalii,Diaspis boisduvalii,Insecta,216,99,Diaspididae,4521,Diaspis,2087402,Animalia,1,EXACT,,Hemiptera,809,Arthropoda,54,SPECIES,"Diaspis boisduvalii Signoret, 1869",Diaspis boisduvalii,2087459,ACCEPTED,False,2087459
Saissetia coffeae,Saissetia coffeae,Insecta,216,99,Coccidae,6963,Saissetia,2091083,Animalia,1,EXACT,,Hemiptera,809,Arthropoda,54,SPECIES,"Saissetia coffeae (Walker, 1852)",Saissetia coffeae,5163470,ACCEPTED,False,5163470
Chrysomphalus dictyospermi,Chrysomphalus dictyospermi,Insecta,216,99,Diaspididae,4521,Chrysomphalus,2083434,Animalia,1,EXACT,,Hemiptera,809,Arthropoda,54,SPECIES,"Chrysomphalus dictyospermi (Morgan, 1889)",Chrysomphalus dictyospermi,2083463,ACCEPTED,False,2083463
Coccus viridis,Coccus viridis,Insecta,216,99,Coccidae,6963,Coccus,2049629,Animalia,1,EXACT,,Hemiptera,809,Arthropoda,54,SPECIES,"Coccus viridis (Green, 1889)",Coccus viridis,5163369,ACCEPTED,False,5163369
Coccus hesperidum,Coccus hesperidum,Insecta,216,99,Coccidae,6963,Coccus,2049629,Animalia,1,EXACT,,Hemiptera,809,Arthropoda,54,SPECIES,"Coccus hesperidum Linnaeus, 1758",Coccus hesperidum,5712981,ACCEPTED,False,5712981
Steatococcus samaraius,Steatococcus samaraius,Insecta,216,100,Margarodidae,8651,Steatococcus,2079873,Animalia,1,EXACT,,Hemiptera,809,Arthropoda,54,SPECIES,"Steatococcus samaraius Morrison, 1927",Steatococcus samaraius,2079883,ACCEPTED,False,2079883
Aonidiella inornata,Aonidiella inornata,Insecta,216,100,Diaspididae,4521,Aonidiella,2082961,Animalia,1,EXACT,,Hemiptera,809,Arthropoda,54,SPECIES,"Aonidiella inornata McKenzie, 1938",Aonidiella inornata,2083004,ACCEPTED,False,2083004
Aonidiella aurantii,Aonidiella,Insecta,216,96,Diaspididae,4521,Aonidiella,2082961,Animalia,1,HIGHERRANK,,Hemiptera,809,Arthropoda,54,GENUS,"Aonidiella Berlese & Leonardi, 1895",,-1,ACCEPTED,False,2082961
Pentalonia nigronervosa,Pentalonia nigronervosa,Insecta,216,100,Aphididae,3042,Pentalonia,2074687,Animalia,1,EXACT,,Hemiptera,809,Arthropoda,54,SPECIES,"Pentalonia nigronervosa Coquerel, 1859",Pentalonia nigronervosa,2074692,ACCEPTED,False,2074692
Aphis gossypii,Aphis gossypii,Insecta,216,99,Aphididae,3042,Aphis,8643682,Animalia,1,EXACT,,Hemiptera,809,Arthropoda,54,SPECIES,"Aphis gossypii Glover, 1877",Aphis gossypii,2072734,ACCEPTED,False,2072734
Spodoptera litura,Spodoptera litura,Insecta,216,100,Noctuidae,7015,Spodoptera,1765207,Animalia,1,EXACT,,Lepidoptera,797,Arthropoda,54,SPECIES,"Spodoptera litura Fabricius, 1775",Spodoptera litura,5109882,ACCEPTED,False,5109882
Erionota thrax,Erionota thrax,Insecta,216,100,Hesperiidae,6953,Erionota,1946721,Animalia,1,EXACT,,Lepidoptera,797,Arthropoda,54,SPECIES,"Erionota thrax Linnaeus, 1767",Erionota thrax,1946737,ACCEPTED,False,1946737
Eudocima Othreis) fullonia,Eudocima,Insecta,216,85,Noctuidae,7015,Eudocima,1786595,Animalia,1,EXACT,,Lepidoptera,797,Arthropoda,54,GENUS,"Eudocima Billberg, 1820",,-1,ACCEPTED,False,1786595
Valanga excavata,Valanga excavata,Insecta,216,100,Acrididae,9394,Valanga,1707447,Animalia,1,EXACT,,Orthoptera,1458,Arthropoda,54,SPECIES,"Valanga excavata (Stål, 1861)",Valanga excavata,1707539,ACCEPTED,False,1707539
Valanga nigricornis,Valanga nigricornis,Insecta,216,100,Acrididae,9394,Valanga,1707447,Animalia,1,EXACT,,Orthoptera,1458,Arthropoda,54,SPECIES,"Valanga nigricornis (Burmeister, H., 1838)",Valanga nigricornis,1707497,ACCEPTED,False,1707497
Phaseolus,Phaseolus,Magnoliopsida,220,97,Fabaceae,5386,Phaseolus,2947798,Plantae,6,EXACT,,Fabales,1370,Tracheophyta,7707728,GENUS,Phaseolus L.,,-1,ACCEPTED,False,2947798
Polyphagotarsonemus latus,Polyphagotarsonemus latus,Arachnida,367,100,Tarsonemidae,6059,Polyphagotarsonemus,2131853,Animalia,1,EXACT,,Prostigmata,372,Arthropoda,54,SPECIES,"Polyphagotarsonemus latus (Banks, 1904)",Polyphagotarsonemus latus,2131854,ACCEPTED,False,2131854
Tetranychus tumidus,Tetranychus tumidus,Arachnida,367,100,Tetranychidae,6057,Tetranychus,2130777,Animalia,1,EXACT,,Prostigmata,372,Arthropoda,54,SPECIES,"Tetranychus tumidus Banks, 1900",Tetranychus tumidus,2130247,ACCEPTED,False,2130247
Pagria signata,Pagria signata,Insecta,216,100,Chrysomelidae,7780,Pagria,1047956,Animalia,1,EXACT,,Coleoptera,1470,Arthropoda,54,SPECIES,"Pagria signata (Motschulsky, 1858)",Pagria signata,1047957,ACCEPTED,False,1047957
Ophiomyia phaseoli,Ophiomyia phaseoli,Insecta,216,100,Agromyzidae,3329,Ophiomyia,1552947,Animalia,1,EXACT,,Diptera,811,Arthropoda,54,SPECIES,"Ophiomyia phaseoli (Tryon, 1951)",Ophiomyia phaseoli,1553148,ACCEPTED,False,1553148
Melanagromyza sojae,Melanagromyza sojae,Insecta,216,100,Agromyzidae,3329,Melanagromyza,1554236,Animalia,1,EXACT,,Diptera,811,Arthropoda,54,SPECIES,"Melanagromyza sojae Zehntner, 1900",Melanagromyza sojae,1554642,ACCEPTED,False,1554642
Liriomyza sativae,Liriomyza sativae,Insecta,216,100,Agromyzidae,3329,Liriomyza,1553283,Animalia,1,EXACT,,Diptera,811,Arthropoda,54,SPECIES,"Liriomyza sativae Blanchard, 1938",Liriomyza sativae,1553757,ACCEPTED,False,1553757
Liriomyza trifolii,Liriomyza trifolii,Insecta,216,100,Agromyzidae,3329,Liriomyza,1553283,Animalia,1,EXACT,,Diptera,811,Arthropoda,54,SPECIES,"Liriomyza trifolii Burgess, 1880",Liriomyza trifolii,1553384,ACCEPTED,False,1553384
Nysius pulchellus,Nysius,Insecta,216,96,Lygaeidae,7888,Nysius,2007771,Animalia,1,HIGHERRANK,,Hemiptera,809,Arthropoda,54,GENUS,"Nysius Dallas, 1852",,-1,ACCEPTED,False,2007771
Lygus trukensis,Lygus trukensis,Insecta,216,100,Miridae,4319,Lygus,2010563,Animalia,1,EXACT,,Hemiptera,809,Arthropoda,54,SPECIES,"Lygus trukensis Carvalho, 1956",Lygus trukensis,8054296,ACCEPTED,False,8054296
Brachyplatys insularis,Brachyplatys,Insecta,216,96,Plataspidae,9652,Brachyplatys,5431403,Animalia,1,HIGHERRANK,,Hemiptera,809,Arthropoda,54,GENUS,"Brachyplatys Boisduval, 1835",,-1,ACCEPTED,False,5431403
Nezara viridula,Nezara viridula,Insecta,216,100,Pentatomidae,9650,Nezara,2078851,Animalia,1,EXACT,,Hemiptera,809,Arthropoda,54,SPECIES,"Nezara viridula (Linnaeus, 1758)",Nezara viridula,2078852,ACCEPTED,False,2078852
Piezodorus hybneri,Piezodorus,Insecta,216,96,Pentatomidae,9650,Piezodorus,2078820,Animalia,1,HIGHERRANK,,Hemiptera,809,Arthropoda,54,GENUS,"Piezodorus Fieber, 1860",,-1,ACCEPTED,False,2078820
Halticus tibialis,Halticus tibialis,Insecta,216,100,Miridae,4319,Halticus,2010238,Animalia,1,EXACT,,Hemiptera,809,Arthropoda,54,SPECIES,"Halticus tibialis Reuter, 1891",Halticus tibialis,5812901,ACCEPTED,False,5812901
Coptosoma xanthogramma,Coptosoma,Insecta,216,95,Plataspidae,9652,Coptosoma,3265959,Animalia,1,HIGHERRANK,,Hemiptera,809,Arthropoda,54,GENUS,"Coptosoma de Laporte, 1832",,-1,ACCEPTED,False,3265959
Empoasca pitiensis,Empoasca pitiensis,Insecta,216,100,Cicadellidae,9647,Empoasca,8222044,Animalia,1,EXACT,,Hemiptera,809,Arthropoda,54,SPECIES,"Empoasca pitiensis Metcalf, 1946",Empoasca pitiensis,5986019,ACCEPTED,False,5986019
Leptocentrus taurus,Leptocentrus taurus,Insecta,216,100,Membracidae,7889,Leptocentrus,2021984,Animalia,1,EXACT,,Hemiptera,809,Arthropoda,54,SPECIES,Leptocentrus taurus Fabricius,Leptocentrus taurus,2022062,ACCEPTED,False,2022062
Exitianus capicola,Exitianus capicola,Insecta,216,100,Cicadellidae,9647,Exitianus,2048891,Animalia,1,EXACT,,Hemiptera,809,Arthropoda,54,SPECIES,"Exitianus capicola Stål, 1855",Exitianus capicola,2048896,ACCEPTED,False,2048896
Bemisia tabaci,Bemisia tabaci,Insecta,216,100,Aleyrodidae,4304,Bemisia,2012123,Animalia,1,EXACT,,Hemiptera,809,Arthropoda,54,SPECIES,"Bemisia tabaci (Gennadius, 1889)",Bemisia tabaci,2012126,ACCEPTED,False,2012126
Myzus persicae,Myzus persicae,Insecta,216,99,Aphididae,3042,Myzus,2076150,Animalia,1,EXACT,,Hemiptera,809,Arthropoda,54,SPECIES,"Myzus persicae (Sulzer, 1776)",Myzus persicae,2076179,ACCEPTED,False,2076179
Aphis craccivora,Aphis craccivora,Insecta,216,99,Aphididae,3042,Aphis,8643682,Animalia,1,EXACT,,Hemiptera,809,Arthropoda,54,SPECIES,"Aphis craccivora Koch, C.L., 1854",Aphis craccivora,8414954,ACCEPTED,False,8414954
Maruca testulalis,Maruca testulalis,Insecta,216,100,Crambidae,8841,Maruca,1886725,Animalia,1,EXACT,,Lepidoptera,797,Arthropoda,54,SPECIES,"Maruca testulalis Geyer, 1832",Maruca testulalis,1886730,ACCEPTED,False,1886730
Spodoptera mauritia,Spodoptera mauritia,Insecta,216,100,Noctuidae,7015,Spodoptera,1765207,Animalia,1,EXACT,,Lepidoptera,797,Arthropoda,54,SPECIES,"Spodoptera mauritia Boisduval, 1833",Spodoptera mauritia,5109848,ACCEPTED,False,5109848
Cryptophlebia ombrodelta,Cryptophlebia ombrodelta,Insecta,216,100,Tortricidae,5343,Cryptophlebia,1736951,Animalia,1,EXACT,,Lepidoptera,797,Arthropoda,54,SPECIES,"Cryptophlebia ombrodelta Lower, 1898",Cryptophlebia ombrodelta,1737015,ACCEPTED,False,1737015
Etiella zinckenella,Etiella zinckenella,Insecta,216,100,Pyralidae,5336,Etiella,1870449,Animalia,1,EXACT,,Lepidoptera,797,Arthropoda,54,SPECIES,"Etiella zinckenella Treitschke, 1832",Etiella zinckenella,1870450,ACCEPTED,False,1870450
Lamprosema diemenalis,Lamprosema,Insecta,216,96,Crambidae,8841,Lamprosema,1891594,Animalia,1,HIGHERRANK,,Lepidoptera,797,Arthropoda,54,GENUS,"Lamprosema Hübner, 1823",,-1,ACCEPTED,False,1891594
Adoxophyes melia,Adoxophyes melia,Insecta,216,100,Tortricidae,5343,Adoxophyes,1740434,Animalia,1,EXACT,,Lepidoptera,797,Arthropoda,54,SPECIES,"Adoxophyes melia Clarke, 1976",Adoxophyes melia,1740496,ACCEPTED,False,1740496
Acrocercops,Acrocercops,Insecta,216,97,Gracillariidae,5487,Acrocercops,1750759,Animalia,1,EXACT,,Lepidoptera,797,Arthropoda,54,GENUS,"Acrocercops Wallengren, 1881",,-1,ACCEPTED,False,1750759
Sphenarches caffer,Sphenarches caffer,Insecta,216,100,Pterophoridae,8863,Sphenarches,1859925,Animalia,1,EXACT,,Lepidoptera,797,Arthropoda,54,SPECIES,"Sphenarches caffer Zeller, 1852",Sphenarches caffer,1859927,ACCEPTED,False,1859927
Agrius convolvuli,Agrius convolvuli,Insecta,216,100,Sphingidae,8868,Agrius,1861607,Animalia,1,EXACT,,Lepidoptera,797,Arthropoda,54,SPECIES,"Agrius convolvuli Linnaeus, 1758",Agrius convolvuli,1861644,ACCEPTED,False,1861644
Lampides boeticus,Lampides boeticus,Insecta,216,100,Lycaenidae,5473,Lampides,1924564,Animalia,1,EXACT,,Lepidoptera,797,Arthropoda,54,SPECIES,"Lampides boeticus (Linnaeus, 1767)",Lampides boeticus,1924713,ACCEPTED,False,1924713
Heliothis armigera,Heliothis,Insecta,216,95,Noctuidae,7015,Heliothis,7742506,Animalia,1,HIGHERRANK,,Lepidoptera,797,Arthropoda,54,GENUS,"Heliothis Ochsenheimer, 1816",,-1,ACCEPTED,False,7742506
Chrysodeixis chalcites,Chrysodeixis chalcites,Insecta,216,100,Noctuidae,7015,Chrysodeixis,1785140,Animalia,1,EXACT,,Lepidoptera,797,Arthropoda,54,SPECIES,"Chrysodeixis chalcites Esper, 1789",Chrysodeixis chalcites,1785185,ACCEPTED,False,1785185
Phaneroptera furcifera,Phaneroptera furcifera,Insecta,216,100,Tettigoniidae,3991,Phaneroptera,1686201,Animalia,1,EXACT,,Orthoptera,1458,Arthropoda,54,SPECIES,"Phaneroptera furcifera Stål, 1861",Phaneroptera furcifera,1686219,ACCEPTED,False,1686219
Thrips palmi,Thrips palmi,Insecta,216,100,Thripidae,4387,Thrips,1420882,Animalia,1,EXACT,,Thysanoptera,1228,Arthropoda,54,SPECIES,"Thrips palmi Karny, 1925",Thrips palmi,1420906,ACCEPTED,False,1420906
Thrips tabaci,Thrips tabaci,Insecta,216,100,Thripidae,4387,Thrips,1420882,Animalia,1,EXACT,,Thysanoptera,1228,Arthropoda,54,SPECIES,"Thrips tabaci Lindeman, 1889",Thrips tabaci,1420961,ACCEPTED,False,1420961
Cynodon,Cynodon,Liliopsida,196,97,Poaceae,3073,Cynodon,2703525,Plantae,6,EXACT,,Poales,1369,Tracheophyta,7707728,GENUS,Cynodon Rich.,,-1,ACCEPTED,False,2703525
Antonina graminis,Antonina graminis,Insecta,216,99,Pseudococcidae,4534,Antonina,2082478,Animalia,1,EXACT,,Hemiptera,809,Arthropoda,54,SPECIES,"Antonina graminis (Maskell, 1897)",Antonina graminis,8082584,ACCEPTED,False,8082584
Marasmia venilialis,Marasmia,Insecta,216,94,Crambidae,8841,Marasmia,4687217,Animalia,1,HIGHERRANK,,Lepidoptera,797,Arthropoda,54,GENUS,"Marasmia Lederer, 1863",,-1,DOUBTFUL,False,4687217
Areca catechu,Areca catechu,Liliopsida,196,100,Arecaceae,7681,Areca,2736518,Plantae,6,EXACT,,Arecales,552,Tracheophyta,7707728,SPECIES,Areca catechu L.,Areca catechu,2736531,ACCEPTED,False,2736531
Rhabdoscelus obscurus,Rhabdoscelus obscurus,Insecta,216,100,Curculionidae,4239,Rhabdoscelus,3263747,Animalia,1,EXACT,,Coleoptera,1470,Arthropoda,54,SPECIES,"Rhabdoscelus obscurus (Boisduval, 1835)",Rhabdoscelus obscurus,4291564,ACCEPTED,False,4291564
Xyleborus perforans,Xyleborus perforans,Insecta,216,98,Curculionidae,4239,Xyleborus,1232636,Animalia,1,EXACT,,Coleoptera,1470,Arthropoda,54,SPECIES,"Xyleborus perforans Wood & Bright, 1992",Xyleborus perforans,5019910,DOUBTFUL,False,5019910
Protaetia orientalis,Protaetia orientalis,Insecta,216,100,Cetoniidae,4204,Protaetia,1080110,Animalia,1,EXACT,,Coleoptera,1470,Arthropoda,54,SPECIES,"Protaetia orientalis (Gory & Percheron, 1833)",Protaetia orientalis,1080311,ACCEPTED,False,1080311
Diocalandra frumenti,Diocalandra frumenti,Insecta,216,98,Dryophthoridae,8494,Diocalandra,1169449,Animalia,1,EXACT,,Coleoptera,1470,Arthropoda,54,SPECIES,"Diocalandra frumenti Marshall, G.A.K., 1931",Diocalandra frumenti,1169450,DOUBTFUL,False,1169450
Oryctes rhinoceros,Oryctes rhinoceros,Insecta,216,100,Dynastidae,4205,Oryctes,1075895,Animalia,1,EXACT,,Coleoptera,1470,Arthropoda,54,SPECIES,"Oryctes rhinoceros (Linnaeus, 1758)",Oryctes rhinoceros,4995642,ACCEPTED,False,4995642
Lepidosaphes laterochitinosa,Lepidosaphes laterochitinosa,Insecta,216,100,Diaspididae,4521,Lepidosaphes,2088966,Animalia,1,EXACT,,Hemiptera,809,Arthropoda,54,SPECIES,"Lepidosaphes laterochitinosa Green, 1925",Lepidosaphes laterochitinosa,2089321,ACCEPTED,False,2089321
Lepidosaphes similis,Lepidosaphes similis,Insecta,216,100,Diaspididae,4521,Lepidosaphes,2088966,Animalia,1,EXACT,,Hemiptera,809,Arthropoda,54,SPECIES,"Lepidosaphes similis Beardsley, 1975",Lepidosaphes similis,2089035,ACCEPTED,False,2089035
Cerataphis lataniae,Cerataphis lataniae,Insecta,216,100,Aphididae,3042,Cerataphis,2074358,Animalia,1,EXACT,,Hemiptera,809,Arthropoda,54,SPECIES,"Cerataphis lataniae (Boisduval, 1867)",Cerataphis lataniae,2074369,ACCEPTED,False,2074369
Pinnaspis buxi,Pinnaspis buxi,Insecta,216,99,Diaspididae,4521,Pinnaspis,2086145,Animalia,1,EXACT,,Hemiptera,809,Arthropoda,54,SPECIES,"Pinnaspis buxi (Bouché, 1851)",Pinnaspis buxi,8038788,ACCEPTED,False,8038788
Dysmicoccus brevipes,Dysmicoccus brevipes,Insecta,216,99,Pseudococcidae,4534,Dysmicoccus,2092782,Animalia,1,EXACT,,Hemiptera,809,Arthropoda,54,SPECIES,"Dysmicoccus brevipes (Cockerell, 1893)",Dysmicoccus brevipes,7672713,ACCEPTED,False,7672713
Palmicultor palmarum,Palmicultor palmarum,Insecta,216,99,Pseudococcidae,4534,Palmicultor,2093289,Animalia,1,EXACT,,Hemiptera,809,Arthropoda,54,SPECIES,"Palmicultor palmarum (Ehrhorn, 1916)",Palmicultor palmarum,2093294,ACCEPTED,False,2093294
Parlatoria proteus,Parlatoria proteus,Insecta,216,99,Diaspididae,4521,Parlatoria,2085650,Animalia,1,EXACT,,Hemiptera,809,Arthropoda,54,SPECIES,"Parlatoria proteus (Curtis, 1843)",Parlatoria proteus,7703477,ACCEPTED,False,7703477
Coccus mangiferae,Coccus mangiferae,Insecta,216,99,Coccidae,6963,Milviscutulus,2091561,Animalia,1,EXACT,,Hemiptera,809,Arthropoda,54,SPECIES,"Coccus mangiferae Fernald, 1903",Milviscutulus mangiferae,8123161,SYNONYM,True,5163589
Pinnaspis aspidistrae,Pinnaspis aspidistrae,Insecta,216,100,Diaspididae,4521,Pinnaspis,2086145,Animalia,1,EXACT,,Hemiptera,809,Arthropoda,54,SPECIES,"Pinnaspis aspidistrae (Signoret, 1869)",Pinnaspis aspidistrae,4290201,ACCEPTED,False,4290201
Phenacaspis inday,Phenacaspis inday,Insecta,216,99,Diaspididae,4521,Pseudaulacaspis,2088694,Animalia,1,EXACT,,Hemiptera,809,Arthropoda,54,SPECIES,"Phenacaspis inday Robinson, 1917",Pseudaulacaspis cockerelli,2088910,SYNONYM,True,2088921
Agonoxena sp.,Agonoxena,Insecta,216,85,Agonoxenidae,4539,Agonoxena,1853137,Animalia,1,EXACT,,Lepidoptera,797,Arthropoda,54,GENUS,"Agonoxena Meyrick, 1921",,-1,ACCEPTED,False,1853137
Batrachedra sp.,Batrachedra,Insecta,216,85,Batrachedridae,4554,Batrachedra,1852917,Animalia,1,EXACT,,Lepidoptera,797,Arthropoda,54,GENUS,"Batrachedra Herrich-Schäffer, 1853",,-1,ACCEPTED,False,1852917
Heliothrips haemorrhoidalis,Heliothrips haemorrhoidalis,Insecta,216,100,Thripidae,4387,Heliothrips,1420794,Animalia,1,EXACT,,Thysanoptera,1228,Arthropoda,54,SPECIES,"Heliothrips haemorrhoidalis (Bouché, 1833)",Heliothrips haemorrhoidalis,1420795,ACCEPTED,False,1420795
Artocarpus altitis,Artocarpus altilis,Magnoliopsida,220,95,Moraceae,6640,Artocarpus,2984563,Plantae,6,FUZZY,,Rosales,691,Tracheophyta,7707728,SPECIES,Artocarpus altilis (Parkinson) Fosberg,Artocarpus altilis,8571903,ACCEPTED,False,8571903
Ceresium unicolor,Ceresium unicolor,Insecta,216,100,Cerambycidae,5602,Ceresium,1104680,Animalia,1,EXACT,,Coleoptera,1470,Arthropoda,54,SPECIES,"Ceresium unicolor (Fabricius, 1787)",Ceresium unicolor,4293080,ACCEPTED,False,4293080
Aclees porosus,Aclees porosus,Insecta,216,97,Curculionidae,4239,Aclees,1188295,Animalia,1,EXACT,2 synonym homonyms,Coleoptera,1470,Arthropoda,54,SPECIES,"Aclees porosus Lacordaire, T., 1863",Aclees porosus,1188297,DOUBTFUL,False,1188297
Dacus umbrosus,Dacus umbrosus,Insecta,216,99,Tephritidae,3520,Bactrocera,1626510,Animalia,1,EXACT,,Diptera,811,Arthropoda,54,SPECIES,"Dacus umbrosus Fabricius, 1805",Bactrocera umbrosa,7690887,SYNONYM,True,1627255
Dacus frauenfeldi,Dacus frauenfeldi,Insecta,216,99,Tephritidae,3520,Bactrocera,1626510,Animalia,1,EXACT,,Diptera,811,Arthropoda,54,SPECIES,"Dacus frauenfeldi Schiner, 1868",Bactrocera frauenfeldi,5087454,SYNONYM,True,1627089
Andaspis punicae,Andaspis punicae,Insecta,216,99,Diaspididae,4521,Andaspis,2088598,Animalia,1,EXACT,,Hemiptera,809,Arthropoda,54,SPECIES,"Andaspis punicae (Laing, 1929)",Andaspis punicae,7631004,ACCEPTED,False,7631004
Coccus moestus,Coccus moestus,Insecta,216,100,Coccidae,6963,Coccus,2049629,Animalia,1,EXACT,,Hemiptera,809,Arthropoda,54,SPECIES,"Coccus moestus De Lotto, 1959",Coccus moestus,5163234,ACCEPTED,False,5163234
Vinsonia stellifera,Vinsonia stellifera,Insecta,216,99,Coccidae,6963,Vinsonia,2091462,Animalia,1,EXACT,,Hemiptera,809,Arthropoda,54,SPECIES,"Vinsonia stellifera (Westwood, 1871)",Vinsonia stellifera,5163542,ACCEPTED,False,5163542
Chrysomphalus aonidum,Chrysomphalus aonidum,Insecta,216,99,Diaspididae,4521,Chrysomphalus,2083434,Animalia,1,EXACT,,Hemiptera,809,Arthropoda,54,SPECIES,"Chrysomphalus aonidum (Linnaeus, 1758)",Chrysomphalus aonidum,8026254,ACCEPTED,False,8026254
Pseudaulacaspis pentagona,Pseudaulacaspis pentagona,Insecta,216,99,Diaspididae,4521,Pseudaulacaspis,2088694,Animalia,1,EXACT,,Hemiptera,809,Arthropoda,54,SPECIES,"Pseudaulacaspis pentagona (Targioni Tozzetti, 1886)",Pseudaulacaspis pentagona,8321970,ACCEPTED,False,8321970
Planococcus lilacinus,Planococcus lilacinus,Insecta,216,99,Pseudococcidae,4534,Planococcus,2095382,Animalia,1,EXACT,,Hemiptera,809,Arthropoda,54,SPECIES,"Planococcus lilacinus (Cockerell, 1905)",Planococcus lilacinus,5164205,ACCEPTED,False,5164205
Pseudococcus marshallensis,Pseudococcus marshallensis,Insecta,216,100,Pseudococcidae,4534,Pseudococcus,2081087,Animalia,1,EXACT,,Hemiptera,809,Arthropoda,54,SPECIES,"Pseudococcus marshallensis Beardsley, 1966",Pseudococcus marshallensis,2095178,ACCEPTED,False,2095178
Xenaleyrodes artocarpi,Xenaleyrodes artocarpi,Insecta,216,100,Aleyrodidae,4304,Xenaleyrodes,4771654,Animalia,1,EXACT,,Hemiptera,809,Arthropoda,54,SPECIES,"Xenaleyrodes artocarpi Takahashi, 1936",Xenaleyrodes artocarpi,4771658,ACCEPTED,False,4771658
Asterolecanium pustulans,Asterolecanium pustulans,Insecta,216,100,Asterolecaniidae,3265514,Asterolecanium,2089594,Animalia,1,EXACT,,Hemiptera,809,Arthropoda,54,SPECIES,"Asterolecanium pustulans (Cockerell, 1892)",Asterolecanium pustulans,4290170,ACCEPTED,False,4290170
Icerya purchasi,Icerya purchasi,Insecta,216,100,Margarodidae,8651,Icerya,2080538,Animalia,1,EXACT,,Hemiptera,809,Arthropoda,54,SPECIES,"Icerya purchasi Maskell, 1878",Icerya purchasi,2080592,ACCEPTED,False,2080592
Phaciocephalus onoi,Phaciocephalus onoi,Insecta,216,100,Derbidae,4247,Phaciocephalus,2062148,Animalia,1,EXACT,,Hemiptera,809,Arthropoda,54,SPECIES,"Phaciocephalus onoi Metcalf, 1954",Phaciocephalus onoi,2062150,ACCEPTED,False,2062150
Pseudococcus trukensis,Pseudococcus trukensis,Insecta,216,100,Pseudococcidae,4534,Pseudococcus,2081087,Animalia,1,EXACT,,Hemiptera,809,Arthropoda,54,SPECIES,"Pseudococcus trukensis Beardsley, 1966",Pseudococcus trukensis,2095136,ACCEPTED,False,2095136
Ceroplastes rubens,Ceroplastes rubens,Insecta,216,100,Coccidae,6963,Ceroplastes,2092293,Animalia,1,EXACT,,Hemiptera,809,Arthropoda,54,SPECIES,"Ceroplastes rubens Maskell, 1893",Ceroplastes rubens,2092326,ACCEPTED,False,2092326
Brassica,Brassica,Magnoliopsida,220,97,Brassicaceae,3112,Brassica,3042506,Plantae,6,EXACT,,Brassicales,7225535,Tracheophyta,7707728,GENUS,Brassica L.,,-1,ACCEPTED,False,3042506
Liriomyza brassicae,Liriomyza brassicae,Insecta,216,100,Agromyzidae,3329,Liriomyza,1553283,Animalia,1,EXACT,,Diptera,811,Arthropoda,54,SPECIES,"Liriomyza brassicae (Riley, 1885)",Liriomyza brassicae,1553327,ACCEPTED,False,1553327
Lipaphis erysimi,Lipaphis erysimi,Insecta,216,100,Aphididae,3042,Lipaphis,2077142,Animalia,1,EXACT,,Hemiptera,809,Arthropoda,54,SPECIES,"Lipaphis erysimi (Kaltenbach, 1843)",Lipaphis erysimi,2077143,ACCEPTED,False,2077143
Heliothis zea,Heliothis,Insecta,216,95,Noctuidae,7015,Heliothis,7742506,Animalia,1,HIGHERRANK,,Lepidoptera,797,Arthropoda,54,GENUS,"Heliothis Ochsenheimer, 1816",,-1,ACCEPTED,False,7742506
Hellula undalis,Hellula undalis,Insecta,216,100,Crambidae,8841,Hellula,1879396,Animalia,1,EXACT,,Lepidoptera,797,Arthropoda,54,SPECIES,"Hellula undalis Fabricius, 1781",Hellula undalis,1879408,ACCEPTED,False,1879408
Plutella xylostella,Plutella xylostella,Insecta,216,100,Plutellidae,8860,Plutella,1831127,Animalia,1,EXACT,,Lepidoptera,797,Arthropoda,54,SPECIES,"Plutella xylostella Linnaeus, 1767",Plutella xylostella,1831136,ACCEPTED,False,1831136
Crocidolomia binotalis,Crocidolomia binotalis,Insecta,216,100,Crambidae,8841,Crocidolomia,1879334,Animalia,1,EXACT,,Lepidoptera,797,Arthropoda,54,SPECIES,"Crocidolomia binotalis Zeller, 1852",Crocidolomia binotalis,1879345,ACCEPTED,False,1879345
Manihot esculenta,Manihot esculenta,Magnoliopsida,220,100,Euphorbiaceae,4691,Manihot,3060685,Plantae,6,EXACT,,Malpighiales,1414,Tracheophyta,7707728,SPECIES,Manihot esculenta Crantz,Manihot esculenta,3060998,ACCEPTED,False,3060998
Tetranychus,Tetranychus,Arachnida,367,97,Tetranychidae,6057,Tetranychus,2130777,Animalia,1,EXACT,,Prostigmata,372,Arthropoda,54,GENUS,"Tetranychus Dufour, 1832",,-1,ACCEPTED,False,2130777
Tetranychus sp.,Tetranychus,Arachnida,367,85,Tetranychidae,6057,Tetranychus,2130777,Animalia,1,EXACT,,Prostigmata,372,Arthropoda,54,GENUS,"Tetranychus Dufour, 1832",,-1,ACCEPTED,False,2130777
Tetranychus truncatus,Tetranychus truncatus,Arachnida,367,100,Tetranychidae,6057,Tetranychus,2130777,Animalia,1,EXACT,,Prostigmata,372,Arthropoda,54,SPECIES,"Tetranychus truncatus Ehara, 1956",Tetranychus truncatus,2129807,ACCEPTED,False,2129807
Parasaissetia nigra,Parasaissetia nigra,Insecta,216,99,Coccidae,6963,Parasaissetia,2092092,Animalia,1,EXACT,,Hemiptera,809,Arthropoda,54,SPECIES,"Parasaissetia nigra (Nietner, 1861)",Parasaissetia nigra,8198400,ACCEPTED,False,8198400
Phenacoccus madeirensis,Phenacoccus madeirensis,Insecta,216,100,Pseudococcidae,4534,Phenacoccus,2096058,Animalia,1,EXACT,,Hemiptera,809,Arthropoda,54,SPECIES,"Phenacoccus madeirensis Green, 1923",Phenacoccus madeirensis,2096180,ACCEPTED,False,2096180
Theobroma cacao,Theobroma cacao,Magnoliopsida,220,100,Malvaceae,6685,Theobroma,2984934,Plantae,6,EXACT,,Malvales,941,Tracheophyta,7707728,SPECIES,Theobroma cacao L.,Theobroma cacao,3152205,ACCEPTED,False,3152205
Xyleborus similis,Xyleborus similis,Insecta,216,97,Curculionidae,4239,Xyleborus,1232636,Animalia,1,EXACT,2 synonym homonyms,Coleoptera,1470,Arthropoda,54,SPECIES,"Xyleborus similis Ferrari, 1867a",Xyleborus similis,5020065,DOUBTFUL,False,5020065
Pelargoderus luteosparsus,Pelargoderus luteosparsus,Insecta,216,100,Cerambycidae,5602,Pelargoderus,1102255,Animalia,1,EXACT,,Coleoptera,1470,Arthropoda,54,SPECIES,"Pelargoderus luteosparsus (Matsushita, 1935)",Pelargoderus luteosparsus,1102275,ACCEPTED,False,1102275
Coenobius glochidionis,Coenobius,Insecta,216,96,Chrysomelidae,7780,Coenobius,4734957,Animalia,1,HIGHERRANK,,Coleoptera,1470,Arthropoda,54,GENUS,"Coenobius Suffrian, 1857",,-1,ACCEPTED,False,4734957
Xyleborus ferrugineus,Xyleborus ferrugineus,Insecta,216,98,Curculionidae,4239,Xyleborus,1232636,Animalia,1,EXACT,,Coleoptera,1470,Arthropoda,54,SPECIES,"Xyleborus ferrugineus Wood & Bright, 1992",Xyleborus ferrugineus,5020459,DOUBTFUL,False,5020459
Eusyphax bivittatus,Eusyphax bivittatus,Insecta,216,100,Derbidae,4247,Eusyphax,2061885,Animalia,1,EXACT,,Hemiptera,809,Arthropoda,54,SPECIES,"Eusyphax bivittatus (Metcalf, 1946)",Eusyphax bivittatus,7375840,ACCEPTED,False,7375840
Toxoptera aurantii,Toxoptera aurantii,Insecta,216,99,Aphididae,3042,Aphis,8643682,Animalia,1,EXACT,,Hemiptera,809,Arthropoda,54,SPECIES,Toxoptera aurantii,Aphis gossypii,2072734,SYNONYM,True,2075867
Tiracola plagiata,Tiracola plagiata,Insecta,216,100,Noctuidae,7015,Tiracola,1762640,Animalia,1,EXACT,,Lepidoptera,797,Arthropoda,54,SPECIES,"Tiracola plagiata Walker, 1857",Tiracola plagiata,1762657,ACCEPTED,False,1762657
Cocos nucifera,Cocos nucifera,Liliopsida,196,100,Arecaceae,7681,Cocos,2735116,Plantae,6,EXACT,,Arecales,552,Tracheophyta,7707728,SPECIES,Cocos nucifera L.,Cocos nucifera,2735117,ACCEPTED,False,2735117
Brontispa chalybeipennis,Brontispa chalybeipennis,Insecta,216,100,Chrysomelidae,7780,Brontispa,1048751,Animalia,1,EXACT,,Coleoptera,1470,Arthropoda,54,SPECIES,"Brontispa chalybeipennis (Zacher, 1913)",Brontispa chalybeipennis,1048753,ACCEPTED,False,1048753
Brontispa mariana,Brontispa mariana,Insecta,216,100,Chrysomelidae,7780,Brontispa,1048751,Animalia,1,EXACT,,Coleoptera,1470,Arthropoda,54,SPECIES,"Brontispa mariana Spaeth, 1937",Brontispa mariana,1048754,ACCEPTED,False,1048754
Brontispa palauensis,Brontispa palauensis,Insecta,216,100,Chrysomelidae,7780,Brontispa,1048751,Animalia,1,EXACT,,Coleoptera,1470,Arthropoda,54,SPECIES,"Brontispa palauensis (Esaki & Chûjô, 1940)",Brontispa palauensis,1048752,ACCEPTED,False,1048752
Caroliniella aenescens,Caroliniella aenescens,Insecta,216,100,Cerambycidae,5602,Caroliniella,1143223,Animalia,1,EXACT,,Coleoptera,1470,Arthropoda,54,SPECIES,"Caroliniella aenescens Blair, 1940",Caroliniella aenescens,1143224,ACCEPTED,False,1143224
Trochorhopalus strangulatus,Trochorhopalus strangulatus,Insecta,216,98,Dryophthoridae,8494,Trochorhopalus,1169302,Animalia,1,EXACT,,Coleoptera,1470,Arthropoda,54,SPECIES,"Trochorhopalus strangulatus Hustache, A., 1924",Trochorhopalus strangulatus,1169308,DOUBTFUL,False,1169308
Rhabdoscelus asperipennis,Rhabdoscelus,Insecta,216,96,Curculionidae,4239,Rhabdoscelus,3263747,Animalia,1,HIGHERRANK,,Coleoptera,1470,Arthropoda,54,GENUS,"Rhabdoscelus Marshall, 1943",,-1,ACCEPTED,False,3263747
Astegopteryx rhapidis,Astegopteryx rhapidis,Insecta,216,100,Aphididae,3042,Astegopteryx,2075119,Animalia,1,EXACT,,Hemiptera,809,Arthropoda,54,SPECIES,"Astegopteryx rhapidis (van der Goot, 1917)",Astegopteryx rhapidis,2075144,ACCEPTED,False,2075144
Aleurocanthus palauensis,Aleurocanthus palauensis,Insecta,216,100,Aleyrodidae,4304,Aleurocanthus,2012156,Animalia,1,EXACT,,Hemiptera,809,Arthropoda,54,SPECIES,"Aleurocanthus palauensis Kuwana, 1931",Aleurocanthus palauensis,8354964,ACCEPTED,False,8354964
Aleurodicus dispersus,Aleurodicus dispersus,Insecta,216,100,Aleyrodidae,4304,Aleurodicus,2012121,Animalia,1,EXACT,,Hemiptera,809,Arthropoda,54,SPECIES,"Aleurodicus dispersus Russell, 1965",Aleurodicus dispersus,2012122,ACCEPTED,False,2012122
Aonidiella comperei,Aonidiella comperei,Insecta,216,99,Diaspididae,4521,Aonidiella,2082961,Animalia,1,EXACT,,Hemiptera,809,Arthropoda,54,SPECIES,"Aonidiella comperei McKenzie, 1937",Aonidiella comperei,2082986,ACCEPTED,False,2082986
Aonidiella eremocitri,Aonidiella eremocitri,Insecta,216,99,Diaspididae,4521,Aonidiella,2082961,Animalia,1,EXACT,,Hemiptera,809,Arthropoda,54,SPECIES,"Aonidiella eremocitri McKenzie, 1937",Aonidiella eremocitri,2083038,ACCEPTED,False,2083038
Lepidosaphes esakii,Lepidosaphes esakii,Insecta,216,100,Diaspididae,4521,Lepidosaphes,2088966,Animalia,1,EXACT,,Hemiptera,809,Arthropoda,54,SPECIES,"Lepidosaphes esakii Takahashi, 1939",Lepidosaphes esakii,2089305,ACCEPTED,False,2089305
Lamenia numitor,Lamenia numitor,Insecta,216,100,Derbidae,4247,Lamenia,2063214,Animalia,1,EXACT,,Hemiptera,809,Arthropoda,54,SPECIES,"Lamenia numitor Fennah, 1956",Lamenia numitor,2063223,ACCEPTED,False,2063223
Lallemandana phalerata,Lallemandana phalerata,Insecta,216,100,Aphrophoridae,3764,Lallemandana,2016635,Animalia,1,EXACT,,Hemiptera,809,Arthropoda,54,SPECIES,"Lallemandana phalerata (Stål, 1854)",Lallemandana phalerata,2016693,ACCEPTED,False,2016693
Leptynoptera sulfurea,Leptynoptera sulfurea,Insecta,216,100,Triozidae,7631,Leptynoptera,2014479,Animalia,1,EXACT,,Hemiptera,809,Arthropoda,54,SPECIES,"Leptynoptera sulfurea Crawford, 1919",Leptynoptera sulfurea,2014481,ACCEPTED,False,2014481
Palmicultor guamensis,Palmicultor guamensis,Insecta,216,100,Pseudococcidae,4534,Palmicultor,2093289,Animalia,1,EXACT,,Hemiptera,809,Arthropoda,54,SPECIES,"Palmicultor guamensis Beardsley, 1966",Palmicultor guamensis,2093292,ACCEPTED,False,2093292
Furcaspis oceanica,Furcaspis oceanica,Insecta,216,99,Diaspididae,4521,Furcaspis,2086421,Animalia,1,EXACT,,Hemiptera,809,Arthropoda,54,SPECIES,"Furcaspis oceanica Lindinger, 1909",Furcaspis oceanica,2086435,ACCEPTED,False,2086435
Flaccia dione,Flaccia dione,Insecta,216,100,Derbidae,4247,Flaccia,2061901,Animalia,1,EXACT,,Hemiptera,809,Arthropoda,54,SPECIES,"Flaccia dione Fennah, 1956",Flaccia dione,2061914,ACCEPTED,False,2061914
Exitianus plebeius,Exitianus plebeius,Insecta,216,100,Cicadellidae,9647,Exitianus,2048891,Animalia,1,EXACT,,Hemiptera,809,Arthropoda,54,SPECIES,"Exitianus plebeius Kirkaldy, 1906",Exitianus plebeius,2048922,ACCEPTED,False,2048922
Dysmicoccus saipanensis,Dysmicoccus saipanensis,Insecta,216,99,Pseudococcidae,4534,Dysmicoccus,2092782,Animalia,1,EXACT,,Hemiptera,809,Arthropoda,54,SPECIES,"Dysmicoccus saipanensis Beardsley, 1966",Dysmicoccus cocotis,2092785,SYNONYM,True,2092786
Swezeyia zephyrus,Swezeyia zephyra,Insecta,216,97,Derbidae,4247,Swezeyia,2062754,Animalia,1,FUZZY,,Hemiptera,809,Arthropoda,54,SPECIES,"Swezeyia zephyra Fennah, 1956",Swezeyia zephyra,2062771,ACCEPTED,False,2062771
Protalebrella braziliensis,Protalebrella brasiliensis,Insecta,216,96,Cicadellidae,9647,Protalebrella,2031843,Animalia,1,FUZZY,,Hemiptera,809,Arthropoda,54,SPECIES,"Protalebrella brasiliensis (Baker, 1899)",Protalebrella brasiliensis,2031856,ACCEPTED,False,2031856
Pinnaspis strachani,Pinnaspis strachani,Insecta,216,99,Diaspididae,4521,Pinnaspis,2086145,Animalia,1,EXACT,,Hemiptera,809,Arthropoda,54,SPECIES,"Pinnaspis strachani (Cooley, 1899)",Pinnaspis strachani,7663030,ACCEPTED,False,7663030
Neotermes kanehirae,Neotermes,Insecta,216,96,Kalotermitidae,4353,Neotermes,2007329,Animalia,1,HIGHERRANK,,Isoptera,999,Arthropoda,54,GENUS,"Neotermes Holmgren, 1911",,-1,ACCEPTED,False,2007329
Agonoxena pyrogramma,Agonoxena pyrogramma,Insecta,216,100,Agonoxenidae,4539,Agonoxena,1853137,Animalia,1,EXACT,,Lepidoptera,797,Arthropoda,54,SPECIES,"Agonoxena pyrogramma Meyrick, 1924",Agonoxena pyrogramma,1853138,ACCEPTED,False,1853138
Segestes unicolor,Segestes unicolor,Insecta,216,100,Tettigoniidae,3991,Segestes,1694654,Animalia,1,EXACT,,Orthoptera,1458,Arthropoda,54,SPECIES,"Segestes unicolor Redtenbacher, 1892",Segestes unicolor,1694658,ACCEPTED,False,1694658
Acanthograeffea denticulata,Acanthograeffea denticulata,Insecta,216,100,Phasmatidae,5108,Acanthograeffea,1412320,Animalia,1,EXACT,,Phasmida,1460,Arthropoda,54,SPECIES,"Acanthograeffea denticulata (Redtenbacher, 1908)",Acanthograeffea denticulata,1412321,ACCEPTED,False,1412321
Acanthograeffea modesta,Acanthograeffea modesta,Insecta,216,100,Phasmatidae,5108,Acanthograeffea,1412320,Animalia,1,EXACT,,Phasmida,1460,Arthropoda,54,SPECIES,"Acanthograeffea modesta Günther, 1932",Acanthograeffea modesta,1412323,ACCEPTED,False,1412323
Coffea,Coffea,Magnoliopsida,220,97,Rubiaceae,8798,Coffea,2895315,Plantae,6,EXACT,,Gentianales,412,Tracheophyta,7707728,GENUS,Coffea L.,,-1,ACCEPTED,False,2895315
Hypothenemus hampei,Hypothenemus hampei,Insecta,216,99,Curculionidae,4239,Hypothenemus,1226155,Animalia,1,EXACT,,Coleoptera,1470,Arthropoda,54,SPECIES,"Hypothenemus hampei Ferrari, 1867",Hypothenemus hampei,1226221,ACCEPTED,False,1226221
Xyleborus morigerus,Xyleborus morigerus,Insecta,216,98,Curculionidae,4239,Xyleborus,1232636,Animalia,1,EXACT,,Coleoptera,1470,Arthropoda,54,SPECIES,"Xyleborus morigerus Blandford, 1894b",Xyleborus morigerus,5020248,DOUBTFUL,False,5020248
Saissetia oleae,Saissetia,Insecta,216,95,Coccidae,6963,Saissetia,2091083,Animalia,1,HIGHERRANK,,Hemiptera,809,Arthropoda,54,GENUS,"Saissetia Déplanche, 1859",,-1,ACCEPTED,False,2091083
Chloropulvinaria psidii,Chloropulvinaria psidii,Insecta,216,99,Coccidae,6963,Pulvinaria,2091776,Animalia,1,EXACT,,Hemiptera,809,Arthropoda,54,SPECIES,"Chloropulvinaria psidii Borchsenius, 1957",Pulvinaria psidii,2091992,SYNONYM,True,2091993
Duplaspidiotus tesseratus,Duplaspidiotus tesseratus,Insecta,216,99,Diaspididae,4521,Duplaspidiotus,2084091,Animalia,1,EXACT,,Hemiptera,809,Arthropoda,54,SPECIES,"Duplaspidiotus tesseratus (Grandpré & Charmoy, 1899)",Duplaspidiotus tesseratus,7908854,ACCEPTED,False,7908854
Aleurodothrips fasciapennis,Aleurodothrips fasciapennis,Insecta,216,100,Phlaeothripidae,4386,Aleurodothrips,1420196,Animalia,1,EXACT,,Thysanoptera,1228,Arthropoda,54,SPECIES,"Aleurodothrips fasciapennis (Franklin, 1908)",Aleurodothrips fasciapennis,1420197,ACCEPTED,False,1420197
Karnyothrips melaleuca,Karnyothrips melaleucus,Insecta,216,97,Phlaeothripidae,4386,Karnyothrips,1420159,Animalia,1,FUZZY,,Thysanoptera,1228,Arthropoda,54,SPECIES,"Karnyothrips melaleucus (Bagnall, 1911)",Karnyothrips melaleucus,1420160,ACCEPTED,False,1420160
Gossypium,Gossypium,Magnoliopsida,220,97,Malvaceae,6685,Gossypium,3152652,Plantae,6,EXACT,,Malvales,941,Tracheophyta,7707728,GENUS,Gossypium L.,,-1,ACCEPTED,False,3152652
Tetranychus cinnabarinus,Tetranychus cinnabarinus,Arachnida,367,99,Tetranychidae,6057,Tetranychus,2130777,Animalia,1,EXACT,,Prostigmata,372,Arthropoda,54,SPECIES,"Tetranychus cinnabarinus (Boisduval, 1867)",Tetranychus urticae,2130185,SYNONYM,True,2130191
Oxycarenus bicolor,Oxycarenus bicolor,Insecta,216,100,Lygaeidae,7888,Oxycarenus,4407280,Animalia,1,EXACT,,Hemiptera,809,Arthropoda,54,SPECIES,"Oxycarenus bicolor Fieber, 1852",Oxycarenus bicolor,4771134,ACCEPTED,False,4771134
Sundapteryx biguttula,Sundapteryx,Insecta,216,96,Cicadellidae,9647,Amrasca,2042778,Animalia,1,HIGHERRANK,,Hemiptera,809,Arthropoda,54,GENUS,"Sundapteryx Dworakowska, 1970",,-1,SYNONYM,True,2038665
Anomis erosa,Anomis erosa,Insecta,216,100,Noctuidae,7015,Anomis,1784925,Animalia,1,EXACT,,Lepidoptera,797,Arthropoda,54,SPECIES,"Anomis erosa Hübner, 1818",Anomis erosa,1785024,ACCEPTED,False,1785024
Diaphania indica,Diaphanes indicus,Insecta,216,80,Lampyridae,4737,Diaphanes,4762655,Animalia,1,FUZZY,,Coleoptera,1470,Arthropoda,54,SPECIES,"Diaphanes indicus Motschulsky, 1854",Diaphanes indicus,6990403,ACCEPTED,False,6990403
Codiaeum variegatum,Codiaeum variegatum,Magnoliopsida,220,99,Euphorbiaceae,4691,Codiaeum,3071464,Plantae,6,EXACT,,Malpighiales,1414,Tracheophyta,7707728,SPECIES,Codiaeum variegatum (L.) Rumph. ex A.Juss.,Codiaeum variegatum,3071476,ACCEPTED,False,3071476
Trigonops hirsuta,Trigonops,Insecta,216,96,Curculionidae,4239,Trigonops,1225109,Animalia,1,HIGHERRANK,,Coleoptera,1470,Arthropoda,54,GENUS,"Trigonops Guérin-Ménéville, 1841",,-1,ACCEPTED,False,1225109
Trigonops inusitata,Trigonops,Insecta,216,96,Curculionidae,4239,Trigonops,1225109,Animalia,1,HIGHERRANK,,Coleoptera,1470,Arthropoda,54,GENUS,"Trigonops Guérin-Ménéville, 1841",,-1,ACCEPTED,False,1225109
Lepidosaphes tokionis,Lepidosaphes tokionis,Insecta,216,99,Diaspididae,4521,Lepidosaphes,2088966,Animalia,1,EXACT,,Hemiptera,809,Arthropoda,54,SPECIES,"Lepidosaphes tokionis (Kuwana, 1902)",Lepidosaphes tokionis,2089086,ACCEPTED,False,2089086
Achaea janata,Achaea janata,Insecta,216,99,Noctuidae,7015,Acanthodelta,1761917,Animalia,1,EXACT,,Lepidoptera,797,Arthropoda,54,SPECIES,Achaea janata (Linnaeus),Acanthodelta janata,5109097,SYNONYM,True,5113950
Cucurbitaceae,Cucurbitaceae,Magnoliopsida,220,95,Cucurbitaceae,6634,,-1,Plantae,6,EXACT,,Cucurbitales,7224005,Tracheophyta,7707728,FAMILY,Cucurbitaceae,,-1,ACCEPTED,False,6634
Aulacophora flavomarginata,Aulacophora,Insecta,216,95,Chrysomelidae,7780,Aulacophora,3260118,Animalia,1,HIGHERRANK,,Coleoptera,1470,Arthropoda,54,GENUS,"Aulacophora Chevrolat in d'Orbigny, 1842",,-1,ACCEPTED,False,3260118
Trigonops sp.,Trigonops,Insecta,216,85,Curculionidae,4239,Trigonops,1225109,Animalia,1,EXACT,,Coleoptera,1470,Arthropoda,54,GENUS,"Trigonops Guérin-Ménéville, 1841",,-1,ACCEPTED,False,1225109
Nanyozo viridilineatus,Nanyozo viridilineatus,Insecta,216,100,Curculionidae,4239,Nanyozo,4744603,Animalia,1,EXACT,,Coleoptera,1470,Arthropoda,54,SPECIES,"Nanyozo viridilineatus Kono, 1942",Nanyozo viridilineatus,7733031,ACCEPTED,False,7733031
Aulacophora marginalis,Aulacophora,Insecta,216,95,Chrysomelidae,7780,Aulacophora,3260118,Animalia,1,HIGHERRANK,,Coleoptera,1470,Arthropoda,54,GENUS,"Aulacophora Chevrolat in d'Orbigny, 1842",,-1,ACCEPTED,False,3260118
Aulacophora similis,Aulacophora similis,Insecta,216,99,Chrysomelidae,7780,Aulacophora,3260118,Animalia,1,EXACT,,Coleoptera,1470,Arthropoda,54,SPECIES,"Aulacophora similis Maulik, 1929",Aulacophora abdominalis,5808809,SYNONYM,True,5808814
Aulacophora quadrimaculata,Aulacophora quadrimaculata,Insecta,216,100,Chrysomelidae,7780,Aulacophora,3260118,Animalia,1,EXACT,,Coleoptera,1470,Arthropoda,54,SPECIES,"Aulacophora quadrimaculata (Fabricius, 1781)",Aulacophora quadrimaculata,5808792,ACCEPTED,False,5808792
Physomerus grossipes,Physomerus grossipes,Insecta,216,100,Coreidae,9649,Physomerus,1209327,Animalia,1,EXACT,,Hemiptera,809,Arthropoda,54,SPECIES,"Physomerus grossipes (Fabricius, 1794)",Physomerus grossipes,5733019,ACCEPTED,False,5733019
Megymenum affine,Megymenum affine,Insecta,216,100,Dinidoridae,3266521,Megymenum,3266522,Animalia,1,EXACT,,Hemiptera,809,Arthropoda,54,SPECIES,"Megymenum affine Boisduval, 1835",Megymenum affine,4781480,ACCEPTED,False,4781480
Halticus insularis,Halticus insularis,Insecta,216,100,Miridae,4319,Halticus,2010238,Animalia,1,EXACT,,Hemiptera,809,Arthropoda,54,SPECIES,"Halticus insularis Usinger, 1946",Halticus insularis,6130167,ACCEPTED,False,6130167
Lepidosaphes beckii,Lepidosaphes beckii,Insecta,216,99,Diaspididae,4521,Lepidosaphes,2088966,Animalia,1,EXACT,,Hemiptera,809,Arthropoda,54,SPECIES,"Lepidosaphes beckii (Newman, 1869)",Lepidosaphes beckii,2089006,ACCEPTED,False,2089006
Diaphania hyalinata,Diaphania,Insecta,216,95,,-1,Diaphania,3258127,Animalia,1,HIGHERRANK,,Lepidoptera,797,Arthropoda,54,GENUS,"Diaphania Hübner, 1818",,-1,ACCEPTED,False,3258127
Stenocatantops splendens,Stenocatantops splendens,Insecta,216,100,Acrididae,9394,Stenocatantops,1712229,Animalia,1,EXACT,,Orthoptera,1458,Arthropoda,54,SPECIES,"Stenocatantops splendens (Thunberg, 1815)",Stenocatantops splendens,1712231,ACCEPTED,False,1712231
Cycas,Cycas,Cycadopsida,228,97,Cycadaceae,6168,Cycas,2683206,Plantae,6,EXACT,,Cycadales,834,Tracheophyta,7707728,GENUS,Cycas L.,,-1,ACCEPTED,False,2683206
Anaballus amplicollis,Anaballus amplicollis,Insecta,216,100,Curculionidae,4239,Anaballus,1177740,Animalia,1,EXACT,,Coleoptera,1470,Arthropoda,54,SPECIES,"Anaballus amplicollis Fairmaire, 1849",Anaballus amplicollis,4291693,ACCEPTED,False,4291693
Alciphron glaucus,Alciphron glaucus,Insecta,216,100,Pentatomidae,9650,Alciphron,4782384,Animalia,1,EXACT,,Hemiptera,809,Arthropoda,54,SPECIES,"Alciphron glaucus (Fabricius, 1775)",Alciphron glaucus,4782385,ACCEPTED,False,4782385
Lepidosaphes carolinensis,Lepidosaphes carolinensis,Insecta,216,100,Diaspididae,4521,Lepidosaphes,2088966,Animalia,1,EXACT,,Hemiptera,809,Arthropoda,54,SPECIES,"Lepidosaphes carolinensis Beardsley, 1966",Lepidosaphes carolinensis,2089229,ACCEPTED,False,2089229
Chilades pandava,Chilades,Insecta,216,96,Lycaenidae,5473,Chilades,1922270,Animalia,1,HIGHERRANK,,Lepidoptera,797,Arthropoda,54,GENUS,"Chilades Moore, 1881",,-1,ACCEPTED,False,1922270
Solanum melongena,Solanum melongena,Magnoliopsida,220,99,Solanaceae,7717,Solanum,2928997,Plantae,6,EXACT,,Solanales,1176,Tracheophyta,7707728,SPECIES,Solanum melongena L.,Solanum melongena,2930617,ACCEPTED,False,2930617
Epitrix hirtipennis,Epitrix hirtipennis,Insecta,216,100,Chrysomelidae,7780,Epitrix,1048246,Animalia,1,EXACT,,Coleoptera,1470,Arthropoda,54,SPECIES,"Epitrix hirtipennis (F. E. Melsheimer, 1847)",Epitrix hirtipennis,1048253,ACCEPTED,False,1048253
Epilachna vigintisexpunctata philippensis,Epilachna,Insecta,216,95,Coccinellidae,7782,Epilachna,1043619,Animalia,1,HIGHERRANK,,Coleoptera,1470,Arthropoda,54,GENUS,"Epilachna Chevrolat, 1836",,-1,ACCEPTED,False,1043619
Lygus kusaiensis,Lygus kusaiensis,Insecta,216,100,Miridae,4319,Lygus,2010563,Animalia,1,EXACT,,Hemiptera,809,Arthropoda,54,SPECIES,"Lygus kusaiensis Carvalho, 1956",Lygus kusaiensis,8324342,ACCEPTED,False,8324342
Protoparce sp.,Protoparce,Insecta,216,94,Sphingidae,8868,Protoparce,4703461,Animalia,1,HIGHERRANK,,Lepidoptera,797,Arthropoda,54,GENUS,"Protoparce Burmeister, 1855",,-1,DOUBTFUL,False,4703461
Ficus,Ficus,Magnoliopsida,220,97,Moraceae,6640,Ficus,2984588,Plantae,6,EXACT,,Rosales,691,Tracheophyta,7707728,GENUS,"Ficus Linnaeus, 1758",,-1,ACCEPTED,False,2984588
Ceroplastes ceriferus,Ceroplastes,Insecta,216,96,Coccidae,6963,Ceroplastes,2092293,Animalia,1,HIGHERRANK,,Hemiptera,809,Arthropoda,54,GENUS,"Ceroplastes Gray, 1828",,-1,ACCEPTED,False,2092293
Euploea leucostictos,Euploea leucostictos,Insecta,216,100,Nymphalidae,7017,Euploea,1916794,Animalia,1,EXACT,,Lepidoptera,797,Arthropoda,54,SPECIES,"Euploea leucostictos Gmelin, 1788",Euploea leucostictos,5136414,ACCEPTED,False,5136414
Zingiber officinale,Zingiber officinale,Liliopsida,196,100,Zingiberaceae,4687,Zingiber,2756693,Plantae,6,EXACT,,Zingiberales,627,Tracheophyta,7707728,SPECIES,Zingiber officinale Roscoe,Zingiber officinale,2757280,ACCEPTED,False,2757280
Ostrinia furnacalis,Ostrinia furnacalis,Insecta,216,100,Crambidae,8841,Ostrinia,1886289,Animalia,1,EXACT,,Lepidoptera,797,Arthropoda,54,SPECIES,"Ostrinia furnacalis Guenée, 1854",Ostrinia furnacalis,1886362,ACCEPTED,False,1886362
Psidium guajava,Psidium guajava,Magnoliopsida,220,100,Myrtaceae,5014,Psidium,3187232,Plantae,6,EXACT,,Myrtales,690,Tracheophyta,7707728,SPECIES,Psidium guajava L.,Psidium guajava,5420380,ACCEPTED,False,5420380
Saissetia neglecta,Saissetia neglecta,Insecta,216,100,Coccidae,6963,Saissetia,2091083,Animalia,1,EXACT,,Hemiptera,809,Arthropoda,54,SPECIES,"Saissetia neglecta De Lotto, 1969",Saissetia neglecta,5163430,ACCEPTED,False,5163430
Kilifia acuminata,Kilifia acuminata,Insecta,216,99,Coccidae,6963,Kilifia,2091496,Animalia,1,EXACT,,Hemiptera,809,Arthropoda,54,SPECIES,"Kilifia acuminata (Signoret, 1873)",Kilifia acuminata,5163553,ACCEPTED,False,5163553
Kilifia deltoides,Kilifia deltoides,Insecta,216,100,Coccidae,6963,Kilifia,2091496,Animalia,1,EXACT,,Hemiptera,809,Arthropoda,54,SPECIES,"Kilifia deltoides De Lotto, 1965",Kilifia deltoides,5163561,ACCEPTED,False,5163561
Aleurothrixus floccosus,Aleurothrixus floccosus,Insecta,216,100,Aleyrodidae,4304,Aleurothrixus,2012135,Animalia,1,EXACT,,Hemiptera,809,Arthropoda,54,SPECIES,"Aleurothrixus floccosus (Maskell, 1896)",Aleurothrixus floccosus,2012137,ACCEPTED,False,2012137
Parlatoria pergandii,Parlatoria pergandii,Insecta,216,99,Diaspididae,4521,Parlatoria,2085650,Animalia,1,EXACT,,Hemiptera,809,Arthropoda,54,SPECIES,"Parlatoria pergandii Comstock, 1881",Parlatoria pergandii,5162255,ACCEPTED,False,5162255
Neotermes connexus,Neotermes connexus,Insecta,216,100,Kalotermitidae,4353,Neotermes,2007329,Animalia,1,EXACT,,Isoptera,999,Arthropoda,54,SPECIES,"Neotermes connexus Snyder, 1922",Neotermes connexus,2007333,ACCEPTED,False,2007333
Dudua aprobola,Dudua aprobola,Insecta,216,100,Tortricidae,5343,Dudua,1740814,Animalia,1,EXACT,,Lepidoptera,797,Arthropoda,54,SPECIES,"Dudua aprobola Meyrick, 1886",Dudua aprobola,1740828,ACCEPTED,False,1740828
Anua tongaensis,Anua tongaensis,Insecta,216,100,Noctuidae,7015,Anua,1779462,Animalia,1,EXACT,,Lepidoptera,797,Arthropoda,54,SPECIES,"Anua tongaensis Hampson, 1913",Anua tongaensis,1779563,ACCEPTED,False,1779563
Strepsicrates ejectana,Strepsicrates ejectana,Insecta,216,100,Tortricidae,5343,Strepsicrates,1743318,Animalia,1,EXACT,,Lepidoptera,797,Arthropoda,54,SPECIES,"Strepsicrates ejectana Walker, 1863",Strepsicrates ejectana,1743319,ACCEPTED,False,1743319
Erythrina variegata,Erythrina variegata,Magnoliopsida,220,100,Fabaceae,5386,Erythrina,2945830,Plantae,6,EXACT,,Fabales,1370,Tracheophyta,7707728,SPECIES,Erythrina variegata L.,Erythrina variegata,5349581,ACCEPTED,False,5349581
Saissetia miranda,Saissetia miranda,Insecta,216,99,Coccidae,6963,Saissetia,2091083,Animalia,1,EXACT,,Hemiptera,809,Arthropoda,54,SPECIES,"Saissetia miranda (Cockerell & Parrott in Cockerell, 1899)",Saissetia miranda,8259259,ACCEPTED,False,8259259
Agathodes ostentalis,Agathodes ostentalis,Insecta,216,100,Crambidae,8841,Agathodes,1883459,Animalia,1,EXACT,,Lepidoptera,797,Arthropoda,54,SPECIES,"Agathodes ostentalis Geyer, 1837",Agathodes ostentalis,5127097,ACCEPTED,False,5127097
Casuarina equisetifolia,Casuarina equisetifolia,Magnoliopsida,220,99,Casuarinaceae,5352,Casuarina,2891925,Plantae,6,EXACT,,Fagales,1354,Tracheophyta,7707728,SPECIES,Casuarina equisetifolia L.,Casuarina equisetifolia,2891930,ACCEPTED,False,2891930
Artocarpus heterophyllus,Artocarpus heterophyllus,Magnoliopsida,220,100,Moraceae,6640,Artocarpus,2984563,Plantae,6,EXACT,,Rosales,691,Tracheophyta,7707728,SPECIES,Artocarpus heterophyllus Lam.,Artocarpus heterophyllus,2984565,ACCEPTED,False,2984565
Calophyllum inophyllum,Calophyllum inophyllum,Magnoliopsida,220,99,Calophyllaceae,4907584,Calophyllum,3189443,Plantae,6,EXACT,,Malpighiales,1414,Tracheophyta,7707728,SPECIES,Calophyllum inophyllum L.,Calophyllum inophyllum,5421065,ACCEPTED,False,5421065
Citrus,Citrus,Magnoliopsida,220,97,Rutaceae,2396,Citrus,3190155,Plantae,6,EXACT,,Sapindales,933,Tracheophyta,7707728,GENUS,Citrus L.,,-1,ACCEPTED,False,3190155
Eotetranychus cendanai,Eotetranychus cendanai,Arachnida,367,100,Tetranychidae,6057,Eotetranychus,2129731,Animalia,1,EXACT,,Prostigmata,372,Arthropoda,54,SPECIES,"Eotetranychus cendanai Rimando, 1962",Eotetranychus cendanai,2129742,ACCEPTED,False,2129742
Daealus sp.,Daealus,Insecta,216,94,Curculionidae,4239,Daealus,4745629,Animalia,1,HIGHERRANK,,Coleoptera,1470,Arthropoda,54,GENUS,"Daealus Zimmerman, 1942",,-1,DOUBTFUL,False,4745629
Protaetia fusca,Protaetia fusca,Insecta,216,100,Cetoniidae,4204,Protaetia,1080110,Animalia,1,EXACT,,Coleoptera,1470,Arthropoda,54,SPECIES,"Protaetia fusca (Herbst, 1790)",Protaetia fusca,1080274,ACCEPTED,False,1080274
Chrysobothris costata,Chrysobothris,Insecta,216,95,Buprestidae,3789,Chrysobothris,4990909,Animalia,1,HIGHERRANK,,Coleoptera,1470,Arthropoda,54,GENUS,"Chrysobothris Eschscholtz, 1829",,-1,ACCEPTED,False,4990909
Agrilus occipitalis,Agrilus,Insecta,216,95,Buprestidae,3789,Agrilus,1049531,Animalia,1,HIGHERRANK,,Coleoptera,1470,Arthropoda,54,GENUS,"Agrilus Curtis, 1825",,-1,ACCEPTED,False,1049531
Unaspis citri,Unaspis citri,Insecta,216,99,Diaspididae,4521,Unaspis,2088426,Animalia,1,EXACT,,Hemiptera,809,Arthropoda,54,SPECIES,"Unaspis citri (Comstock, 1883)",Unaspis citri,7911763,ACCEPTED,False,7911763
Aphis citricola,Aphis,Insecta,216,95,Aphididae,3042,Aphis,8643682,Animalia,1,HIGHERRANK,,Hemiptera,809,Arthropoda,54,GENUS,"Aphis Linnaeus, 1758",,-1,ACCEPTED,False,8643682
Aleurocanthus spiniferus,Aleurocanthus spiniferus,Insecta,216,100,Aleyrodidae,4304,Aleurocanthus,2012156,Animalia,1,EXACT,,Hemiptera,809,Arthropoda,54,SPECIES,"Aleurocanthus spiniferus (Quaintance, 1903)",Aleurocanthus spiniferus,2012158,ACCEPTED,False,2012158
Dialeurodes citrifolii,Dialeurodes citrifolii,Insecta,216,99,Aleyrodidae,4304,Singhiella,3265615,Animalia,1,EXACT,,Hemiptera,809,Arthropoda,54,SPECIES,"Dialeurodes citrifolii (Morgan, 1893)",Singhiella citrifolii,7731255,SYNONYM,True,2012141
Parlatoria zizyphus,Parlatoria zizyphus,Insecta,216,99,Diaspididae,4521,Parlatoria,2085650,Animalia,1,EXACT,,Hemiptera,809,Arthropoda,54,SPECIES,"Parlatoria zizyphus Cockerell, 1900",Parlatoria ziziphi,8416592,SYNONYM,True,5162278
Lepidosaphes gloverii,Lepidosaphes gloverii,Insecta,216,99,Diaspididae,4521,Lepidosaphes,2088966,Animalia,1,EXACT,,Hemiptera,809,Arthropoda,54,SPECIES,"Lepidosaphes gloverii (Packard, 1869)",Lepidosaphes gloverii,8215075,ACCEPTED,False,8215075
Pseudococcus citriculus,Pseudococcus citriculus,Insecta,216,99,Pseudococcidae,4534,Pseudococcus,2081087,Animalia,1,EXACT,,Hemiptera,809,Arthropoda,54,SPECIES,"Pseudococcus citriculus Green, 1922",Pseudococcus cryptus,2095244,SYNONYM,True,2095245
Abgrallaspis palmae,Abgrallaspis palmae,Insecta,216,98,Diaspididae,4521,Hemiberlesia,2083865,Animalia,1,EXACT,2 synonym homonyms,Hemiptera,809,Arthropoda,54,SPECIES,"Abgrallaspis palmae Balachowsky, 1948",Hemiberlesia palmae,2083914,SYNONYM,True,2083915
Parlatoria cinerea,Parlatoria cinerea,Insecta,216,100,Diaspididae,4521,Parlatoria,2085650,Animalia,1,EXACT,,Hemiptera,809,Arthropoda,54,SPECIES,"Parlatoria cinerea Hadden in Doane & Hadden, 1909",Parlatoria cinerea,5162198,ACCEPTED,False,5162198
Adoxophyes fasciculana,Adoxophyes fasciculana,Insecta,216,100,Tortricidae,5343,Adoxophyes,1740434,Animalia,1,EXACT,,Lepidoptera,797,Arthropoda,54,SPECIES,"Adoxophyes fasciculana Walker, 1866",Adoxophyes fasciculana,1740443,ACCEPTED,False,1740443
Cryptophlebia peltastica,Cryptophlebia peltastica,Insecta,216,100,Tortricidae,5343,Cryptophlebia,1736951,Animalia,1,EXACT,,Lepidoptera,797,Arthropoda,54,SPECIES,"Cryptophlebia peltastica Meyrick, 1921",Cryptophlebia peltastica,1736963,ACCEPTED,False,1736963
Phyllocnistis citrella,Phyllocnistis citrella,Insecta,216,100,Gracillariidae,5487,Phyllocnistis,8057237,Animalia,1,EXACT,,Lepidoptera,797,Arthropoda,54,SPECIES,"Phyllocnistis citrella Stainton, 1856",Phyllocnistis citrella,1749580,ACCEPTED,False,1749580
Papilio polytes,Papilio polytes,Insecta,216,100,Papilionidae,9417,Papilio,1920784,Animalia,1,EXACT,,Lepidoptera,797,Arthropoda,54,SPECIES,"Papilio polytes Linnaeus, 1758",Papilio polytes,1938088,ACCEPTED,False,1938088
Prays citri,Prays citri,Insecta,216,100,Yponomeutidae,8874,Prays,1830808,Animalia,1,EXACT,,Lepidoptera,797,Arthropoda,54,SPECIES,"Prays citri Millière, 1873",Prays citri,1830823,ACCEPTED,False,1830823
Zea mays,Zea mays,Liliopsida,196,100,Poaceae,3073,Zea,2705049,Plantae,6,EXACT,,Poales,1369,Tracheophyta,7707728,SPECIES,Zea mays L.,Zea mays,5290052,ACCEPTED,False,5290052
Phyllophaga bipunctata,Phyllophaga,Insecta,216,95,Melolonthidae,5593,Phyllophaga,1061346,Animalia,1,HIGHERRANK,,Coleoptera,1470,Arthropoda,54,GENUS,"Phyllophaga Harris, 1827",,-1,ACCEPTED,False,1061346
Sitophilus oryzae,Sitophilus oryzae,Insecta,216,97,Dryophthoridae,8494,Sitophilus,1170172,Animalia,1,EXACT,2 synonym homonyms,Coleoptera,1470,Arthropoda,54,SPECIES,"Sitophilus oryzae Hustache, A., 1930",Sitophilus oryzae,1170177,DOUBTFUL,False,1170177
Pseudonapomyza spicata,Pseudonapomyza spicata,Insecta,216,100,Agromyzidae,3329,Pseudonapomyza,1553858,Animalia,1,EXACT,,Diptera,811,Arthropoda,54,SPECIES,"Pseudonapomyza spicata (Malloch, 1914)",Pseudonapomyza spicata,1553913,ACCEPTED,False,1553913
Creontiades pallidifer,Creontiades pallidifer,Insecta,216,99,Miridae,4319,Creontiades,2011499,Animalia,1,EXACT,,Hemiptera,809,Arthropoda,54,SPECIES,"Creontiades pallidifer (Walker, 1873)",Creontiades pacificus,5866589,SYNONYM,True,4776870
Saccharicoccus sacchari,Saccharicoccus sacchari,Insecta,216,99,Pseudococcidae,4534,Saccharicoccus,2092999,Animalia,1,EXACT,,Hemiptera,809,Arthropoda,54,SPECIES,"Saccharicoccus sacchari (Cockerell, 1895)",Saccharicoccus sacchari,2093000,ACCEPTED,False,2093000
Peregrinus maidis,Peregrinus maidis,Insecta,216,100,Delphacidae,8498,Peregrinus,2054015,Animalia,1,EXACT,,Hemiptera,809,Arthropoda,54,SPECIES,"Peregrinus maidis (Ashmead, 1890)",Peregrinus maidis,5156453,ACCEPTED,False,5156453
Rhopalosiphum maidis,Rhopalosiphum maidis,Insecta,216,100,Aphididae,3042,Rhopalosiphum,2069512,Animalia,1,EXACT,,Hemiptera,809,Arthropoda,54,SPECIES,"Rhopalosiphum maidis (Fitch, 1856)",Rhopalosiphum maidis,2069572,ACCEPTED,False,2069572
Cicadulina bipunctella,Cicadulina bipunctatus,Insecta,216,95,Cicadellidae,9647,Cicadulina,2025559,Animalia,1,FUZZY,,Hemiptera,809,Arthropoda,54,SPECIES,"Cicadulina bipunctatus (Melichar, 1904)",Cicadulina bipunctatus,5812849,ACCEPTED,False,5812849
Marasmia trapezalis,Marasmia,Insecta,216,94,Crambidae,8841,Marasmia,4687217,Animalia,1,HIGHERRANK,,Lepidoptera,797,Arthropoda,54,GENUS,"Marasmia Lederer, 1863",,-1,DOUBTFUL,False,4687217
Melanitis leda,Melanitis leda,Insecta,216,100,Nymphalidae,7017,Melanitis,1895908,Animalia,1,EXACT,,Lepidoptera,797,Arthropoda,54,SPECIES,"Melanitis leda Linnaeus, 1758",Melanitis leda,1895956,ACCEPTED,False,1895956
Conocephalus longipennis,Conocephalus longipennis,Insecta,216,99,Tettigoniidae,3991,Conocephalus,1682933,Animalia,1,EXACT,,Orthoptera,1458,Arthropoda,54,SPECIES,"Conocephalus longipennis (Haan, 1842)",Conocephalus longipennis,5096018,ACCEPTED,False,5096018
Oxya japonica,Oxya japonica,Insecta,216,100,Acrididae,9394,Oxya,1700877,Animalia,1,EXACT,,Orthoptera,1458,Arthropoda,54,SPECIES,"Oxya japonica (Thunberg, 1815)",Oxya japonica,1700933,ACCEPTED,False,1700933
Locusta migratoria manilensis,Locusta migratoria,Insecta,216,100,Acrididae,9394,Locusta,1687259,Animalia,1,HIGHERRANK,,Orthoptera,1458,Arthropoda,54,SPECIES,"Locusta migratoria (Linnaeus, C.N., 1758)",Locusta migratoria,1713418,ACCEPTED,False,1713418
Aiolopus thalassinus dubius,Aiolopus thalassinus dubius,Insecta,216,91,Acrididae,9394,Aiolopus,1713296,Animalia,1,EXACT,,Orthoptera,1458,Arthropoda,54,SUBSPECIES,"Aiolopus thalassinus subsp. dubius Willemse, 1923",Aiolopus thalassinus,1713317,ACCEPTED,False,6255622
Oxya hyla,Oxya hyla,Insecta,216,99,Acrididae,9394,Oxya,1700877,Animalia,1,EXACT,,Orthoptera,1458,Arthropoda,54,SPECIES,"Oxya hyla Serville, 1831",Oxya hyla,1700953,ACCEPTED,False,1700953
Mangifera indica,Mangifera indica,Magnoliopsida,220,99,Anacardiaceae,2398,Mangifera,3075453,Plantae,6,EXACT,,Sapindales,933,Tracheophyta,7707728,SPECIES,Mangifera indica L.,Mangifera indica,3190638,ACCEPTED,False,3190638
Rhyparida carolina,Rhyparida,Insecta,216,96,Chrysomelidae,7780,Rhyparida,3259981,Animalia,1,HIGHERRANK,,Coleoptera,1470,Arthropoda,54,GENUS,"Rhyparida Baly, 1861",,-1,ACCEPTED,False,3259981
Sternochetus mangiferae,Sternochetus mangiferae,Insecta,216,100,Curculionidae,4239,Sternochetus,1225911,Animalia,1,EXACT,,Coleoptera,1470,Arthropoda,54,SPECIES,"Sternochetus mangiferae (Fabricius, 1775)",Sternochetus mangiferae,4292415,ACCEPTED,False,4292415
Cryptorhynchus mangiferae,Cryptorhynchus mangiferae,Insecta,216,98,Curculionidae,4239,Cryptorhynchus,1194049,Animalia,1,EXACT,,Coleoptera,1470,Arthropoda,54,SPECIES,Cryptorhynchus mangiferae Dejean,Cryptorhynchus mangiferae,1194073,DOUBTFUL,False,1194073
Semelaspidus mangiferae,Semelaspidus mangiferae,Insecta,216,100,Diaspididae,4521,Semelaspidus,2082706,Animalia,1,EXACT,,Hemiptera,809,Arthropoda,54,SPECIES,"Semelaspidus mangiferae Takahashi, 1939",Semelaspidus mangiferae,2082707,ACCEPTED,False,2082707
Pinnaspis sp.,Pinnaspis,Insecta,216,85,Diaspididae,4521,Pinnaspis,2086145,Animalia,1,EXACT,,Hemiptera,809,Arthropoda,54,GENUS,"Pinnaspis Cockerell, 1892",,-1,ACCEPTED,False,2086145
Melanaspis bromeliae,Melanaspis bromeliae,Insecta,216,98,Diaspididae,4521,Melanaspis,2083167,Animalia,1,EXACT,2 synonym homonyms,Hemiptera,809,Arthropoda,54,SPECIES,"Melanaspis bromeliae Dekle, 1976",Melanaspis bromiliae,7450112,SYNONYM,True,2083317
Radionaspis indica,Radionaspis indica,Insecta,216,99,Diaspididae,4521,Radionaspis,2087763,Animalia,1,EXACT,,Hemiptera,809,Arthropoda,54,SPECIES,"Radionaspis indica (Marlatt, 1908)",Radionaspis indica,8302527,ACCEPTED,False,8302527
Penicillaria jocosatrix,Penicillaria jocosatrix,Insecta,216,100,Noctuidae,7015,Penicillaria,1785187,Animalia,1,EXACT,,Lepidoptera,797,Arthropoda,54,SPECIES,"Penicillaria jocosatrix Guenée, 1852",Penicillaria jocosatrix,5112440,ACCEPTED,False,5112440
Anisodes illepidaria,Anisodes illepidaria,Insecta,216,100,Geometridae,6950,Anisodes,1966371,Animalia,1,EXACT,,Lepidoptera,797,Arthropoda,54,SPECIES,"Anisodes illepidaria Guenée, 1858",Anisodes illepidaria,1966736,ACCEPTED,False,1966736
Eugenia malaccensis,Eugenia malaccensis,Magnoliopsida,220,99,Myrtaceae,5014,Eugenia,3177662,Plantae,6,EXACT,,Myrtales,690,Tracheophyta,7707728,SPECIES,Eugenia malaccensis Reinw. ex Blume,Eugenia malaccensis,7907394,ACCEPTED,False,7907394
Dacus ochrosiae,Dacus ochrosiae,Insecta,216,99,Tephritidae,3520,Bactrocera,1626510,Animalia,1,EXACT,,Diptera,811,Arthropoda,54,SPECIES,"Dacus ochrosiae Malloch, 1942",Bactrocera ochrosiae,8353826,SYNONYM,True,1626713
Trioza vitiensis,Trioza vitiensis,Insecta,216,100,Triozidae,7631,Trioza,2014543,Animalia,1,EXACT,,Hemiptera,809,Arthropoda,54,SPECIES,"Trioza vitiensis (Kirkaldy, 1907)",Trioza vitiensis,5153672,ACCEPTED,False,5153672
Abelmoschus esculentus,Abelmoschus esculentus,Magnoliopsida,220,100,Malvaceae,6685,Abelmoschus,8183892,Plantae,6,EXACT,,Malvales,941,Tracheophyta,7707728,SPECIES,Abelmoschus esculentus (L.) Moench,Abelmoschus esculentus,3152707,ACCEPTED,False,3152707
Mesohomotoma hibisci,Mesohomotoma hibisci,Insecta,216,100,Carsidaridae,3310,Mesohomotoma,2014511,Animalia,1,EXACT,,Hemiptera,809,Arthropoda,54,SPECIES,"Mesohomotoma hibisci (Froggatt, 1901)",Mesohomotoma hibisci,2014517,ACCEPTED,False,2014517
Anomis flava,Anomis flava,Insecta,216,100,Noctuidae,7015,Anomis,1784925,Animalia,1,EXACT,,Lepidoptera,797,Arthropoda,54,SPECIES,"Anomis flava Fabricius, 1775",Anomis flava,1785072,ACCEPTED,False,1785072
Earias vitella,Earias vitella,Insecta,216,100,Nolidae,9717,Earias,1802997,Animalia,1,EXACT,,Lepidoptera,797,Arthropoda,54,SPECIES,"Earias vitella Sherborn, 1902",Earias vitella,1803059,ACCEPTED,False,1803059
Allium cepa,Allium cepa,Liliopsida,196,100,Amaryllidaceae,7682,Allium,2771359,Plantae,6,EXACT,,Asparagales,1169,Tracheophyta,7707728,SPECIES,Allium cepa L.,Allium cepa,2857697,ACCEPTED,False,2857697
Atractomorpha psittacina,Atractomorpha psittacina,Insecta,216,100,Pyrgomorphidae,5928,Atractomorpha,1727987,Animalia,1,EXACT,,Orthoptera,1458,Arthropoda,54,SPECIES,"Atractomorpha psittacina (Haan, 1842)",Atractomorpha psittacina,5101013,ACCEPTED,False,5101013
Carica papaya,Carica papaya,Magnoliopsida,220,100,Caricaceae,6636,Carica,2874482,Plantae,6,EXACT,,Brassicales,7225535,Tracheophyta,7707728,SPECIES,Carica papaya L.,Carica papaya,2874484,ACCEPTED,False,2874484
Euphranta lemniscata,Euphranta lemniscata,Insecta,216,100,Tephritidae,3520,Euphranta,1621881,Animalia,1,EXACT,,Diptera,811,Arthropoda,54,SPECIES,"Euphranta lemniscata (Enderlein, 1911)",Euphranta lemniscata,1621932,ACCEPTED,False,1621932
Hendelina bisecta,Hendelina bisecta,Insecta,216,99,Tephritidae,3520,Philophylla,1622281,Animalia,1,EXACT,,Diptera,811,Arthropoda,54,SPECIES,"Hendelina bisecta Hardy & Adachi, 1956",Philophylla bisecta,1622294,SYNONYM,True,1622295
Fulvius angustatus,Fulvius angustatus,Insecta,216,100,Miridae,4319,Fulvius,2009917,Animalia,1,EXACT,,Hemiptera,809,Arthropoda,54,SPECIES,"Fulvius angustatus Usinger, 1946",Fulvius angustatus,7411079,ACCEPTED,False,7411079
Ananas comosus,Ananas comosus,Liliopsida,196,100,Bromeliaceae,3740,Ananas,2699430,Plantae,6,EXACT,,Poales,1369,Tracheophyta,7707728,SPECIES,Ananas comosus (L.) Merr.,Ananas comosus,5288819,ACCEPTED,False,5288819
Diaspis bromeliae,Diaspis bromeliae,Insecta,216,99,Diaspididae,4521,Diaspis,2087402,Animalia,1,EXACT,,Hemiptera,809,Arthropoda,54,SPECIES,"Diaspis bromeliae (Kerner, 1778)",Diaspis bromeliae,8075301,ACCEPTED,False,8075301
Teleogryllus oceanicus,Teleogryllus oceanicus,Insecta,216,100,Gryllidae,5925,Teleogryllus,1723420,Animalia,1,EXACT,,Orthoptera,1458,Arthropoda,54,SPECIES,"Teleogryllus oceanicus (Le Guillou, 1841)",Teleogryllus oceanicus,1723426,ACCEPTED,False,1723426
Punica granatum,Punica granatum,Magnoliopsida,220,100,Lythraceae,6684,Punica,3188663,Plantae,6,EXACT,,Myrtales,690,Tracheophyta,7707728,SPECIES,Punica granatum L.,Punica granatum,5420901,ACCEPTED,False,5420901
Solanum tuberosum,Solanum tuberosum,Magnoliopsida,220,99,Solanaceae,7717,Solanum,2928997,Plantae,6,EXACT,,Solanales,1176,Tracheophyta,7707728,SPECIES,Solanum tuberosum L.,Solanum tuberosum,2930262,ACCEPTED,False,2930262
Raphanus sativus,Raphanus sativus,Magnoliopsida,220,99,Brassicaceae,3112,Raphanus,3040962,Plantae,6,EXACT,,Brassicales,7225535,Tracheophyta,7707728,SPECIES,Raphanus sativus L.,Raphanus sativus,7678610,ACCEPTED,False,7678610
Capsicum,Capsicum,Magnoliopsida,220,97,Solanaceae,7717,Capsicum,2932937,Plantae,6,EXACT,,Solanales,1176,Tracheophyta,7707728,GENUS,Capsicum L.,,-1,ACCEPTED,False,2932937
Chloriona formosella,Chloriona,Insecta,216,96,Delphacidae,8498,Chloriona,2054377,Animalia,1,HIGHERRANK,,Hemiptera,809,Arthropoda,54,GENUS,"Chloriona Fieber, 1866",,-1,ACCEPTED,False,2054377
Oryza sativa,Oryza sativa,Liliopsida,196,99,Poaceae,3073,Oryza,2703455,Plantae,6,EXACT,,Poales,1369,Tracheophyta,7707728,SPECIES,Oryza sativa L.,Oryza sativa,2703459,ACCEPTED,False,2703459
Leptocorixa acuta,Leptocorisa acuta,Insecta,216,88,Alydidae,7875,Leptocorisa,4391705,Animalia,1,FUZZY,,Hemiptera,809,Arthropoda,54,SPECIES,"Leptocorisa acuta (Thunberg, 1783)",Leptocorisa acuta,4391707,ACCEPTED,False,4391707
Sogatella furcifera,Sogatella furcifera,Insecta,216,100,Delphacidae,8498,Sogatella,2055863,Animalia,1,EXACT,,Hemiptera,809,Arthropoda,54,SPECIES,"Sogatella furcifera (Horváth, 1899)",Sogatella furcifera,4777382,ACCEPTED,False,4777382
Nephotettix apicalis,Nephotettix apicalis,Insecta,216,100,Cicadellidae,9647,Nephotettix,2029376,Animalia,1,EXACT,,Hemiptera,809,Arthropoda,54,SPECIES,"Nephotettix apicalis (Motschulsky, 1859)",Nephotettix apicalis,4290058,ACCEPTED,False,4290058
Nilaparvata lugens,Nilaparvata lugens,Insecta,216,100,Delphacidae,8498,Nilaparvata,2056616,Animalia,1,EXACT,,Hemiptera,809,Arthropoda,54,SPECIES,"Nilaparvata lugens (Stål, 1854)",Nilaparvata lugens,2056628,ACCEPTED,False,2056628
Orthotylellus pallescens,Orthotylellus pallescens,Insecta,216,99,Miridae,4319,Sthenaridea,2010229,Animalia,1,EXACT,,Hemiptera,809,Arthropoda,54,SPECIES,"Orthotylellus pallescens Usinger, 1946",Sthenaridea rufescens,4776488,SYNONYM,True,4776492
Proboscidocoris malayus,Proboscidocoris malayus,Insecta,216,100,Miridae,4319,Proboscidocoris,4776724,Animalia,1,EXACT,,Hemiptera,809,Arthropoda,54,SPECIES,"Proboscidocoris malayus Reuter, 1908",Proboscidocoris malayus,6130202,ACCEPTED,False,6130202
Grammarodes geometrica,Grammodes geometrica,Insecta,216,80,Noctuidae,7015,Grammodes,1786955,Animalia,1,FUZZY,,Lepidoptera,797,Arthropoda,54,SPECIES,"Grammodes geometrica Fabricius, 1775",Grammodes geometrica,1787009,ACCEPTED,False,1787009
Nymphula fluctuosalis,Nymphula,Insecta,216,96,Crambidae,8841,Nymphula,1884090,Animalia,1,HIGHERRANK,,Lepidoptera,797,Arthropoda,54,GENUS,"Nymphula Schrank, 1802",,-1,ACCEPTED,False,1884090
Mythimna loreyi,Mythimna,Insecta,216,95,Noctuidae,7015,Mythimna,1767644,Animalia,1,HIGHERRANK,,Lepidoptera,797,Arthropoda,54,GENUS,"Mythimna Ochsenheimer, 1816",,-1,ACCEPTED,False,1767644
Susumia exigua,Susumia,Insecta,216,94,,-1,Susumia,4688458,Animalia,1,HIGHERRANK,,Lepidoptera,797,Arthropoda,54,GENUS,"Susumia Marumo, 1930",,-1,DOUBTFUL,False,4688458
Euconocephalus nasutus,Euconocephalus nasutus,Insecta,216,100,Tettigoniidae,3991,Euconocephalus,1689406,Animalia,1,EXACT,,Orthoptera,1458,Arthropoda,54,SPECIES,"Euconocephalus nasutus (Thunberg, 1815)",Euconocephalus nasutus,1689407,ACCEPTED,False,1689407
Bolacidothrips orizae,Bolacidothrips,Insecta,216,94,Thripidae,4387,Bolacidothrips,4799778,Animalia,1,HIGHERRANK,,Thysanoptera,1228,Arthropoda,54,GENUS,"Bolacidothrips Priesner, 1930",,-1,DOUBTFUL,False,4799778
Rosa,Rosa,Magnoliopsida,220,97,Rosaceae,5015,Rosa,8395064,Plantae,6,EXACT,,Rosales,691,Tracheophyta,7707728,GENUS,Rosa L.,,-1,ACCEPTED,False,8395064
Pandanus,Pandanus,Liliopsida,196,97,Pandanaceae,3737,Pandanus,8404076,Plantae,6,EXACT,,Pandanales,554,Tracheophyta,7707728,GENUS,Pandanus Parkinson,,-1,ACCEPTED,False,8404076
Oxycephala pandani,Oxycephala,Insecta,216,95,Chrysomelidae,7780,Oxycephala,3262827,Animalia,1,HIGHERRANK,,Coleoptera,1470,Arthropoda,54,GENUS,"Oxycephala Guérin in Duperry, 1838",,-1,ACCEPTED,False,3262827
Oxycephala spaethi,Oxycephala,Insecta,216,95,Chrysomelidae,7780,Oxycephala,3262827,Animalia,1,HIGHERRANK,,Coleoptera,1470,Arthropoda,54,GENUS,"Oxycephala Guérin in Duperry, 1838",,-1,ACCEPTED,False,3262827
Laminicoccus pandani,Laminicoccus pandani,Insecta,216,99,Pseudococcidae,4534,Laminicoccus,2094713,Animalia,1,EXACT,,Hemiptera,809,Arthropoda,54,SPECIES,"Laminicoccus pandani (Cockerell, 1895)",Laminicoccus pandani,2094721,ACCEPTED,False,2094721
Turbinococcus pandanicola,Turbinococcus pandanicola,Insecta,216,99,Pseudococcidae,4534,Turbinococcus,2095025,Animalia,1,EXACT,,Hemiptera,809,Arthropoda,54,SPECIES,"Turbinococcus pandanicola (Takahashi, 1941)",Turbinococcus pandanicola,2095026,ACCEPTED,False,2095026
Myndus irreptor,Myndus irreptor,Insecta,216,100,Cixiidae,8470,Myndus,2058165,Animalia,1,EXACT,,Hemiptera,809,Arthropoda,54,SPECIES,"Myndus irreptor Fennah, 1956",Myndus irreptor,7666701,ACCEPTED,False,7666701
Myndus palawanensis,Myndus palawanensis,Insecta,216,100,Cixiidae,8470,Myndus,2058165,Animalia,1,EXACT,,Hemiptera,809,Arthropoda,54,SPECIES,"Myndus palawanensis Muir, 1923",Myndus palawanensis,2058206,ACCEPTED,False,2058206
Swezeyaria viridana,Swezeyaria viridana,Insecta,216,100,Tropiduchidae,2232,Swezeyaria,2061070,Animalia,1,EXACT,,Hemiptera,809,Arthropoda,54,SPECIES,"Swezeyaria viridana Metcalf, 1946",Swezeyaria viridana,2061071,ACCEPTED,False,2061071
Capelopterum punctatellum,Capelopterum punctatellum,Insecta,216,99,Nogodinidae,2233,Scalabis,2051230,Animalia,1,EXACT,,Hemiptera,809,Arthropoda,54,SPECIES,"Capelopterum punctatellum Melichar, 1906",Scalabis punctatella,2051239,SYNONYM,True,2051240
Neosimmondsia esakii,Neosimmondsia esakii,Insecta,216,100,Pseudococcidae,4534,Neosimmondsia,2093386,Animalia,1,EXACT,,Hemiptera,809,Arthropoda,54,SPECIES,"Neosimmondsia esakii Takahashi, 1939",Neosimmondsia esakii,2093388,ACCEPTED,False,2093388
Myndus bifurcatus,Myndus bifurcata,Insecta,216,97,Cixiidae,8470,Myndus,2058165,Animalia,1,FUZZY,,Hemiptera,809,Arthropoda,54,SPECIES,"Myndus bifurcata Metcalf, 1946",Myndus bifurcata,2058188,ACCEPTED,False,2058188
Paralecanium carolinensis,Paralecanium carolinensis,Insecta,216,100,Coccidae,6963,Paralecanium,2091272,Animalia,1,EXACT,,Hemiptera,809,Arthropoda,54,SPECIES,"Paralecanium carolinensis Beardsley, 1966",Paralecanium carolinensis,2091316,ACCEPTED,False,2091316
Pandanicola pandani,Pandanicola pandani,Insecta,216,99,Pseudococcidae,4534,Pandanicola,2093279,Animalia,1,EXACT,,Hemiptera,809,Arthropoda,54,SPECIES,"Pandanicola pandani (Takahashi, 1939)",Pandanicola pandani,8303652,ACCEPTED,False,8303652
Nesorhamma chalcas,Nesorhamma chalcas,Insecta,216,100,Derbidae,4247,Nesorhamma,2061608,Animalia,1,EXACT,,Hemiptera,809,Arthropoda,54,SPECIES,"Nesorhamma chalcas Fennah, 1956",Nesorhamma chalcas,2061609,ACCEPTED,False,2061609
Myndus dibaphus,Myndus dibaphus,Insecta,216,100,Cixiidae,8470,Myndus,2058165,Animalia,1,EXACT,,Hemiptera,809,Arthropoda,54,SPECIES,"Myndus dibaphus Fennah, 1956",Myndus dibaphus,7532763,ACCEPTED,False,7532763
Pseudococcus pandanicola,Pseudococcus pandanicola,Insecta,216,99,Pseudococcidae,4534,Laminicoccus,2094713,Animalia,1,EXACT,,Hemiptera,809,Arthropoda,54,SPECIES,"Pseudococcus pandanicola Takahashi, 1939",Laminicoccus pandanicola,2094719,SYNONYM,True,2094720
Batrachomorphus atrifrons,Batracomorphus atrifrons,Insecta,216,88,Cicadellidae,9647,Batracomorphus,2040599,Animalia,1,FUZZY,,Hemiptera,809,Arthropoda,54,SPECIES,"Batracomorphus atrifrons Metcalf, 1946",Batracomorphus atrifrons,2040930,ACCEPTED,False,2040930
Pandanicola esakii,Pandanicola esakii,Insecta,216,99,Pseudococcidae,4534,Pandanicola,2093279,Animalia,1,EXACT,,Hemiptera,809,Arthropoda,54,SPECIES,"Pandanicola esakii (Takahashi, 1942)",Pandanicola esakii,7980864,ACCEPTED,False,7980864
Armacia clara,Armacia clara,Insecta,216,100,Ricaniidae,5947,Armacia,2057559,Animalia,1,EXACT,,Hemiptera,809,Arthropoda,54,SPECIES,"Armacia clara (Stål, 1859)",Armacia clara,2057572,ACCEPTED,False,2057572
Trissodoris guamensis,Trissodoris,Insecta,216,96,Cosmopterigidae,8839,Trissodoris,1842650,Animalia,1,HIGHERRANK,,Lepidoptera,797,Arthropoda,54,GENUS,"Trissodoris Meyrick, 1914",,-1,ACCEPTED,False,1842650
Megacrania batesii,Megacrania batesii,Insecta,216,100,Phasmatidae,5108,Megacrania,1413754,Animalia,1,EXACT,,Phasmida,1460,Arthropoda,54,SPECIES,"Megacrania batesii Kirby, 1896",Megacrania batesii,1413767,ACCEPTED,False,1413767
Coccoloba,Coccoloba,Magnoliopsida,220,97,Polygonaceae,2416,Coccoloba,2888822,Plantae,6,EXACT,,Caryophyllales,422,Tracheophyta,7707728,GENUS,Coccoloba P. Browne,,-1,ACCEPTED,False,2888822
Sorghum bicolor,Sorghum bicolor,Liliopsida,196,99,Poaceae,3073,Sorghum,2705180,Plantae,6,EXACT,,Poales,1369,Tracheophyta,7707728,SPECIES,Sorghum bicolor (L.) Moench,Sorghum bicolor,2705181,ACCEPTED,False,2705181
Dysmicoccus boninsis,Dysmicoccus boninsis,Insecta,216,99,Pseudococcidae,4534,Dysmicoccus,2092782,Animalia,1,EXACT,,Hemiptera,809,Arthropoda,54,SPECIES,"Dysmicoccus boninsis (Kuwana, 1909)",Dysmicoccus boninsis,7969793,ACCEPTED,False,7969793
Neomaskellia bergii,Neomaskellia bergii,Insecta,216,100,Aleyrodidae,4304,Neomaskellia,4771617,Animalia,1,EXACT,,Hemiptera,809,Arthropoda,54,SPECIES,"Neomaskellia bergii (Signoret, 1868)",Neomaskellia bergii,4771618,ACCEPTED,False,4771618
Annona,Annona,Magnoliopsida,220,97,Annonaceae,9291,Annona,3155252,Plantae,6,EXACT,,Magnoliales,718,Tracheophyta,7707728,GENUS,Annona L.,,-1,ACCEPTED,False,3155252
Saissetia nigra,Saissetia nigra,Insecta,216,98,Coccidae,6963,Parasaissetia,2092092,Animalia,1,EXACT,3 synonym homonyms,Hemiptera,809,Arthropoda,54,SPECIES,"Saissetia nigra King, 1902",Parasaissetia nigra,8198400,SYNONYM,True,5163868
Kallitaxila crini,Kallitaxila crini,Insecta,216,100,Tropiduchidae,2232,Kallitaxila,2061196,Animalia,1,EXACT,,Hemiptera,809,Arthropoda,54,SPECIES,"Kallitaxila crini (Matsumura, 1914)",Kallitaxila crini,8142925,ACCEPTED,False,8142925
Lepidosaphes palauensis,Lepidosaphes palauensis,Insecta,216,100,Diaspididae,4521,Lepidosaphes,2088966,Animalia,1,EXACT,,Hemiptera,809,Arthropoda,54,SPECIES,"Lepidosaphes palauensis Beardsley, 1966",Lepidosaphes palauensis,2089286,ACCEPTED,False,2089286
Saccharum officinarum,Saccharum officinarum,Liliopsida,196,100,Poaceae,3073,Saccharum,2703910,Plantae,6,EXACT,,Poales,1369,Tracheophyta,7707728,SPECIES,Saccharum officinarum L.,Saccharum officinarum,2703912,ACCEPTED,False,2703912
Anoronotum rufum,Anoronotum rufum,Insecta,216,100,Dynastidae,4205,Anoronotum,1075691,Animalia,1,EXACT,,Coleoptera,1470,Arthropoda,54,SPECIES,"Anoronotum rufum Arrow, 1939",Anoronotum rufum,1075692,ACCEPTED,False,1075692
Gonocephalum sp.,Gonocephalum,Insecta,216,83,Tenebrionidae,7857,Gonocephalum,8021518,Animalia,1,EXACT,,Coleoptera,1470,Arthropoda,54,GENUS,"Gonocephalum Chevrolat, 1849",,-1,ACCEPTED,False,8021518
Aspidiella sacchari,Aspidiella sacchari,Insecta,216,99,Diaspididae,4521,Aspidiella,2083405,Animalia,1,EXACT,,Hemiptera,809,Arthropoda,54,SPECIES,"Aspidiella sacchari (Cockerell, 1893)",Aspidiella sacchari,2083429,ACCEPTED,False,2083429
Odonaspis saccharicaulis,Odonaspis saccharicaulis,Insecta,216,99,Diaspididae,4521,Odonaspis,2086528,Animalia,1,EXACT,,Hemiptera,809,Arthropoda,54,SPECIES,"Odonaspis saccharicaulis (Zehntner, 1897)",Odonaspis saccharicaulis,7825135,ACCEPTED,False,7825135
Chanithus gramineus,Chanithus gramineus,Insecta,216,99,Dictyopharidae,8499,Raivuna,2052552,Animalia,1,EXACT,,Hemiptera,809,Arthropoda,54,SPECIES,"Chanithus gramineus (Fabricius, 1803)",Raivuna graminea,2052566,SYNONYM,True,2052567
Ugyops annulipes,Ugyops annulipes,Insecta,216,100,Delphacidae,8498,Ugyops,2056470,Animalia,1,EXACT,,Hemiptera,809,Arthropoda,54,SPECIES,"Ugyops annulipes (Stål, 1854)",Ugyops annulipes,8144750,ACCEPTED,False,8144750
Aulacaspis madiunensis,Aulacaspis madiunensis,Insecta,216,99,Diaspididae,4521,Aulacaspis,2087546,Animalia,1,EXACT,,Hemiptera,809,Arthropoda,54,SPECIES,"Aulacaspis madiunensis (Zehntner, 1898)",Aulacaspis madiunensis,2087713,ACCEPTED,False,2087713
Aulacaspis tegalensis,Aulacaspis tegalensis,Insecta,216,99,Diaspididae,4521,Aulacaspis,2087546,Animalia,1,EXACT,,Hemiptera,809,Arthropoda,54,SPECIES,"Aulacaspis tegalensis (Zehntner, 1898)",Aulacaspis tegalensis,8253812,ACCEPTED,False,8253812
Perkinsiella thompsoni,Perkinsiella thompsoni,Insecta,216,100,Delphacidae,8498,Perkinsiella,2054545,Animalia,1,EXACT,,Hemiptera,809,Arthropoda,54,SPECIES,"Perkinsiella thompsoni Muir, 1913",Perkinsiella thompsoni,5156511,ACCEPTED,False,5156511
Ipomoea batatas,Ipomoea batatas,Magnoliopsida,220,99,Convolvulaceae,2389,Ipomoea,2928509,Plantae,6,EXACT,,Solanales,1176,Tracheophyta,7707728,SPECIES,Ipomoea batatas (L.) Lam.,Ipomoea batatas,2928551,ACCEPTED,False,2928551
Nanyozo viridipictus,Nanyozo,Insecta,216,96,Curculionidae,4239,Nanyozo,4744603,Animalia,1,HIGHERRANK,,Coleoptera,1470,Arthropoda,54,GENUS,"Nanyozo Kôno, 1942",,-1,ACCEPTED,False,4744603
Colasposoma metallicum,Colasposoma,Insecta,216,96,Chrysomelidae,7780,Colasposoma,3260090,Animalia,1,HIGHERRANK,,Coleoptera,1470,Arthropoda,54,GENUS,"Colasposoma Laporte, 1833",,-1,ACCEPTED,False,3260090
Euscepes postfasciatus,Euscepes postfasciatus,Insecta,216,99,Curculionidae,4239,Cryptorhynchus,1194049,Animalia,1,EXACT,,Coleoptera,1470,Arthropoda,54,SPECIES,"Euscepes postfasciatus (Fairmaire, 1849)",Cryptorhynchus postfasciatus,1194463,SYNONYM,True,4292199
Sphaeropterus sp.,Sphaeropterus,Insecta,216,85,Curculionidae,4239,Sphaeropterus,1191527,Animalia,1,EXACT,,Coleoptera,1470,Arthropoda,54,GENUS,"Sphaeropterus Guérin-Ménéville in Duperry, 1838",,-1,ACCEPTED,False,1191527
Cylas formicarius,Cylas formicarius,Insecta,216,100,Brentidae,4238,Cylas,1171596,Animalia,1,EXACT,,Coleoptera,1470,Arthropoda,54,SPECIES,"Cylas formicarius (Fabricius, 1798)",Cylas formicarius,1171601,ACCEPTED,False,1171601
Chaetocnema confinis,Chaetocnema confinis,Insecta,216,100,Chrysomelidae,7780,Chaetocnema,1048170,Animalia,1,EXACT,,Coleoptera,1470,Arthropoda,54,SPECIES,"Chaetocnema confinis Crotch, 1873",Chaetocnema confinis,4990564,ACCEPTED,False,4990564
Metriona circumdata,Metriona,Insecta,216,95,Chrysomelidae,7780,Metriona,4732523,Animalia,1,HIGHERRANK,,Coleoptera,1470,Arthropoda,54,GENUS,Metriona,,-1,ACCEPTED,False,4732523
Zanchius fragilis,Zanchius fragilis,Insecta,216,100,Miridae,4319,Zanchius,4404673,Animalia,1,EXACT,,Hemiptera,809,Arthropoda,54,SPECIES,"Zanchius fragilis Usinger, 1946",Zanchius fragilis,7747800,ACCEPTED,False,7747800
Lepidosaphes sp.,Lepidosaphes,Insecta,216,85,Diaspididae,4521,Lepidosaphes,2088966,Animalia,1,EXACT,,Hemiptera,809,Arthropoda,54,GENUS,"Lepidosaphes Shimer, 1898",,-1,ACCEPTED,False,2088966
Pachyzancla nipponalis,Pachyzancla,Insecta,216,94,,-1,Pachyzancla,4705014,Animalia,1,HIGHERRANK,,Lepidoptera,797,Arthropoda,54,GENUS,"Pachyzancla Meyrick, 1884",,-1,DOUBTFUL,False,4705014
Acrocercops sp.,Acrocercops,Insecta,216,85,Gracillariidae,5487,Acrocercops,1750759,Animalia,1,EXACT,,Lepidoptera,797,Arthropoda,54,GENUS,"Acrocercops Wallengren, 1881",,-1,ACCEPTED,False,1750759
Precis villida,Precis,Insecta,216,96,Nymphalidae,7017,Precis,1897886,Animalia,1,HIGHERRANK,,Lepidoptera,797,Arthropoda,54,GENUS,"Precis Hübner, 1819",,-1,ACCEPTED,False,1897886
Hypolimnas bolina,Hypolimnas bolina,Insecta,216,100,Nymphalidae,7017,Hypolimnas,7733971,Animalia,1,EXACT,,Lepidoptera,797,Arthropoda,54,SPECIES,"Hypolimnas bolina Linnaeus, 1758",Hypolimnas bolina,1910629,ACCEPTED,False,1910629
Hippotion swinhoei,Hippotion swinhoei,Insecta,216,100,Sphingidae,8868,Hippotion,1862288,Animalia,1,EXACT,,Lepidoptera,797,Arthropoda,54,SPECIES,"Hippotion swinhoei Moore, 1862",Hippotion swinhoei,1862290,ACCEPTED,False,1862290
Gryllotalpa sp.,Gryllotalpa,Insecta,216,85,Gryllotalpidae,8555,Gryllotalpa,1716116,Animalia,1,EXACT,,Orthoptera,1458,Arthropoda,54,GENUS,"Gryllotalpa Latreille, 1802",,-1,ACCEPTED,False,1716116
Colocasia esculenta,Colocasia esculenta,Liliopsida,196,100,Araceae,6979,Colocasia,5330758,Plantae,6,EXACT,,Alismatales,551,Tracheophyta,7707728,SPECIES,Colocasia esculenta (L.) Schott,Colocasia esculenta,5330776,ACCEPTED,False,5330776
Atactus deplanatus,Atactus deplanatus,Insecta,216,98,Curculionidae,4239,Atactus,1240215,Animalia,1,EXACT,,Coleoptera,1470,Arthropoda,54,SPECIES,"Atactus deplanatus Faust, J., 1897",Atactus deplanatus,5021658,DOUBTFUL,False,5021658
Tarophagus proserpina,Tarophagus proserpina,Insecta,216,100,Delphacidae,8498,Tarophagus,2054154,Animalia,1,EXACT,,Hemiptera,809,Arthropoda,54,SPECIES,"Tarophagus proserpina (Kirkaldy, 1907)",Tarophagus proserpina,2054155,ACCEPTED,False,2054155
Hippotion celerio,Hippotion celerio,Insecta,216,100,Sphingidae,8868,Hippotion,1862288,Animalia,1,EXACT,,Lepidoptera,797,Arthropoda,54,SPECIES,"Hippotion celerio Linnaeus, 1758",Hippotion celerio,1862293,ACCEPTED,False,1862293
Theretra pinastrina,Theretra pinastrina,Insecta,216,100,Sphingidae,8868,Theretra,1862420,Animalia,1,EXACT,,Lepidoptera,797,Arthropoda,54,SPECIES,"Theretra pinastrina Martyn, 1797",Theretra pinastrina,1862478,ACCEPTED,False,1862478
Cyrtosperma,Cyrtosperma,Liliopsida,196,97,Araceae,6979,Cyrtosperma,2871901,Plantae,6,EXACT,,Alismatales,551,Tracheophyta,7707728,GENUS,Cyrtosperma Griff.,,-1,ACCEPTED,False,2871901
Pseudococcus macrocirculus,Pseudococcus macrocirculus,Insecta,216,100,Pseudococcidae,4534,Pseudococcus,2081087,Animalia,1,EXACT,,Hemiptera,809,Arthropoda,54,SPECIES,"Pseudococcus macrocirculus Beardsley, 1966",Pseudococcus macrocirculus,2095250,ACCEPTED,False,2095250
Lycopersicon esculentum,Lycopersicon esculentum,Magnoliopsida,220,99,Solanaceae,7717,Solanum,2928997,Plantae,6,EXACT,,Solanales,1176,Tracheophyta,7707728,SPECIES,Lycopersicon esculentum Mill.,Solanum lycopersicum,2930137,SYNONYM,True,2930181
Cyrtopeltis tenuis,Cyrtopeltis tenuis,Insecta,216,99,Miridae,4319,Nesidiocoris,2009188,Animalia,1,EXACT,,Hemiptera,809,Arthropoda,54,SPECIES,"Cyrtopeltis tenuis Reuter, 1895",Nesidiocoris tenuis,2009189,SYNONYM,True,2009190
Nesophrosyne argentatus,Nesophrosyne argentatus,Insecta,216,100,Cicadellidae,9647,Nesophrosyne,2045002,Animalia,1,EXACT,,Hemiptera,809,Arthropoda,54,SPECIES,Nesophrosyne argentatus,Nesophrosyne argentatus,4775334,ACCEPTED,False,4775334
Terminalia,Terminalia,Magnoliopsida,220,97,Combretaceae,2431,Terminalia,3189387,Plantae,6,EXACT,,Myrtales,690,Tracheophyta,7707728,GENUS,Terminalia L.,,-1,ACCEPTED,False,3189387
Trigonops vulgaris,Trigonops,Insecta,216,96,Curculionidae,4239,Trigonops,1225109,Animalia,1,HIGHERRANK,,Coleoptera,1470,Arthropoda,54,GENUS,"Trigonops Guérin-Ménéville, 1841",,-1,ACCEPTED,False,1225109
Dialeurodes kirkaldyi,Dialeurodes kirkaldyi,Insecta,216,100,Aleyrodidae,4304,Dialeurodes,2012140,Animalia,1,EXACT,,Hemiptera,809,Arthropoda,54,SPECIES,"Dialeurodes kirkaldyi (Kotinsky, 1907)",Dialeurodes kirkaldyi,2012142,ACCEPTED,False,2012142
Badamia exclamationis,Badamia exclamationis,Insecta,216,100,Hesperiidae,6953,Badamia,1946375,Animalia,1,EXACT,,Lepidoptera,797,Arthropoda,54,SPECIES,"Badamia exclamationis Fabricius, 1775",Badamia exclamationis,5142067,ACCEPTED,False,5142067
Anua coronata,Anua coronata,Insecta,216,100,Noctuidae,7015,Anua,1779462,Animalia,1,EXACT,,Lepidoptera,797,Arthropoda,54,SPECIES,"Anua coronata Fabricius, 1775",Anua coronata,1779516,ACCEPTED,False,1779516
Psophocarpus tetragonalubus,Psophocarpus tetragonolobus,Magnoliopsida,220,95,Fabaceae,5386,Psophocarpus,2944679,Plantae,6,FUZZY,,Fabales,1370,Tracheophyta,7707728,SPECIES,Psophocarpus tetragonolobus (L.) DC.,Psophocarpus tetragonolobus,2944683,ACCEPTED,False,2944683
Tetranychus neocaledonicus,Tetranychus neocaledonicus,Arachnida,367,100,Tetranychidae,6057,Tetranychus,2130777,Animalia,1,EXACT,,Prostigmata,372,Arthropoda,54,SPECIES,"Tetranychus neocaledonicus André, 1933",Tetranychus neocaledonicus,2130146,ACCEPTED,False,2130146
Dioscorea,Dioscorea,Liliopsida,196,97,Dioscoreaceae,7694,Dioscorea,2754367,Plantae,6,EXACT,,Dioscoreales,1171,Tracheophyta,7707728,GENUS,Dioscorea L.,,-1,ACCEPTED,False,2754367
Theretra nessus,Theretra nessus,Insecta,216,100,Sphingidae,8868,Theretra,1862420,Animalia,1,EXACT,,Lepidoptera,797,Arthropoda,54,SPECIES,"Theretra nessus Drury, 1773",Theretra nessus,1862475,ACCEPTED,False,1862475
